{"type": "FeatureCollection", "name": "Klaserie_grid_geojson", "crs": {"type": "name", "properties": {"name": "urn:ogc:def:crs:EPSG::32736"}}, "features": [{"type": "Feature", "properties": {"id": 710.0, "left": 317527.85260646814, "top": 7315330.772710353, "right": 318527.85260646814, "bottom": 7314330.772710353, "row_index": 25.0, "col_index": 19.0}, "geometry": {"type": "MultiPolygon", "coordinates": [[[[317527.85260646814, 7315330.772710353], [318527.85260646814, 7315330.772710353], [318527.85260646814, 7314330.772710353], [317527.85260646814, 7314330.772710353], [317527.85260646814, 7315330.772710353]]]]}}, {"type": "Feature", "properties": {"id": 711.0, "left": 317527.85260646814, "top": 7314330.772710353, "right": 318527.85260646814, "bottom": 7313330.772710353, "row_index": 26.0, "col_index": 19.0}, "geometry": {"type": "MultiPolygon", "coordinates": [[[[317527.85260646814, 7314330.772710353], [318527.85260646814, 7314330.772710353], [318527.85260646814, 7313330.772710353], [317527.85260646814, 7313330.772710353], [317527.85260646814, 7314330.772710353]]]]}}, {"type": "Feature", "properties": {"id": 708.0, "left": 317527.85260646814, "top": 7317330.772710353, "right": 318527.85260646814, "bottom": 7316330.772710353, "row_index": 23.0, "col_index": 19.0}, "geometry": {"type": "MultiPolygon", "coordinates": [[[[317527.85260646814, 7317330.772710353], [318527.85260646814, 7317330.772710353], [318527.85260646814, 7316330.772710353], [317527.85260646814, 7316330.772710353], [317527.85260646814, 7317330.772710353]]]]}}, {"type": "Feature", "properties": {"id": 709.0, "left": 317527.85260646814, "top": 7316330.772710353, "right": 318527.85260646814, "bottom": 7315330.772710353, "row_index": 24.0, "col_index": 19.0}, "geometry": {"type": "MultiPolygon", "coordinates": [[[[317527.85260646814, 7316330.772710353], [318527.85260646814, 7316330.772710353], [318527.85260646814, 7315330.772710353], [317527.85260646814, 7315330.772710353], [317527.85260646814, 7316330.772710353]]]]}}, {"type": "Feature", "properties": {"id": 706.0, "left": 317527.85260646814, "top": 7319330.772710353, "right": 318527.85260646814, "bottom": 7318330.772710353, "row_index": 21.0, "col_index": 19.0}, "geometry": {"type": "MultiPolygon", "coordinates": [[[[317527.85260646814, 7319330.772710353], [318527.85260646814, 7319330.772710353], [318527.85260646814, 7318330.772710353], [317527.85260646814, 7318330.772710353], [317527.85260646814, 7319330.772710353]]]]}}, {"type": "Feature", "properties": {"id": 707.0, "left": 317527.85260646814, "top": 7318330.772710353, "right": 318527.85260646814, "bottom": 7317330.772710353, "row_index": 22.0, "col_index": 19.0}, "geometry": {"type": "MultiPolygon", "coordinates": [[[[317527.85260646814, 7318330.772710353], [318527.85260646814, 7318330.772710353], [318527.85260646814, 7317330.772710353], [317527.85260646814, 7317330.772710353], [317527.85260646814, 7318330.772710353]]]]}}, {"type": "Feature", "properties": {"id": 704.0, "left": 317527.85260646814, "top": 7321330.772710353, "right": 318527.85260646814, "bottom": 7320330.772710353, "row_index": 19.0, "col_index": 19.0}, "geometry": {"type": "MultiPolygon", "coordinates": [[[[317527.85260646814, 7321330.772710353], [318527.85260646814, 7321330.772710353], [318527.85260646814, 7320330.772710353], [317527.85260646814, 7320330.772710353], [317527.85260646814, 7321330.772710353]]]]}}, {"type": "Feature", "properties": {"id": 705.0, "left": 317527.85260646814, "top": 7320330.772710353, "right": 318527.85260646814, "bottom": 7319330.772710353, "row_index": 20.0, "col_index": 19.0}, "geometry": {"type": "MultiPolygon", "coordinates": [[[[317527.85260646814, 7320330.772710353], [318527.85260646814, 7320330.772710353], [318527.85260646814, 7319330.772710353], [317527.85260646814, 7319330.772710353], [317527.85260646814, 7320330.772710353]]]]}}, {"type": "Feature", "properties": {"id": 766.0, "left": 319527.85260646814, "top": 7331330.772710353, "right": 320527.85260646814, "bottom": 7330330.772710353, "row_index": 9.0, "col_index": 21.0}, "geometry": {"type": "MultiPolygon", "coordinates": [[[[319527.85260646814, 7331330.772710353], [320527.85260646814, 7331330.772710353], [320527.85260646814, 7330330.772710353], [319527.85260646814, 7330330.772710353], [319527.85260646814, 7331330.772710353]]]]}}, {"type": "Feature", "properties": {"id": 767.0, "left": 319527.85260646814, "top": 7330330.772710353, "right": 320527.85260646814, "bottom": 7329330.772710353, "row_index": 10.0, "col_index": 21.0}, "geometry": {"type": "MultiPolygon", "coordinates": [[[[319527.85260646814, 7330330.772710353], [320527.85260646814, 7330330.772710353], [320527.85260646814, 7329330.772710353], [319527.85260646814, 7329330.772710353], [319527.85260646814, 7330330.772710353]]]]}}, {"type": "Feature", "properties": {"id": 764.0, "left": 319527.85260646814, "top": 7333330.772710353, "right": 320527.85260646814, "bottom": 7332330.772710353, "row_index": 7.0, "col_index": 21.0}, "geometry": {"type": "MultiPolygon", "coordinates": [[[[319527.85260646814, 7333330.772710353], [320527.85260646814, 7333330.772710353], [320527.85260646814, 7332330.772710353], [319527.85260646814, 7332330.772710353], [319527.85260646814, 7333330.772710353]]]]}}, {"type": "Feature", "properties": {"id": 765.0, "left": 319527.85260646814, "top": 7332330.772710353, "right": 320527.85260646814, "bottom": 7331330.772710353, "row_index": 8.0, "col_index": 21.0}, "geometry": {"type": "MultiPolygon", "coordinates": [[[[319527.85260646814, 7332330.772710353], [320527.85260646814, 7332330.772710353], [320527.85260646814, 7331330.772710353], [319527.85260646814, 7331330.772710353], [319527.85260646814, 7332330.772710353]]]]}}, {"type": "Feature", "properties": {"id": 762.0, "left": 319527.85260646814, "top": 7335330.772710353, "right": 320527.85260646814, "bottom": 7334330.772710353, "row_index": 5.0, "col_index": 21.0}, "geometry": {"type": "MultiPolygon", "coordinates": [[[[319527.85260646814, 7335330.772710353], [320527.85260646814, 7335330.772710353], [320527.85260646814, 7334330.772710353], [319527.85260646814, 7334330.772710353], [319527.85260646814, 7335330.772710353]]]]}}, {"type": "Feature", "properties": {"id": 763.0, "left": 319527.85260646814, "top": 7334330.772710353, "right": 320527.85260646814, "bottom": 7333330.772710353, "row_index": 6.0, "col_index": 21.0}, "geometry": {"type": "MultiPolygon", "coordinates": [[[[319527.85260646814, 7334330.772710353], [320527.85260646814, 7334330.772710353], [320527.85260646814, 7333330.772710353], [319527.85260646814, 7333330.772710353], [319527.85260646814, 7334330.772710353]]]]}}, {"type": "Feature", "properties": {"id": 760.0, "left": 319527.85260646814, "top": 7337330.772710353, "right": 320527.85260646814, "bottom": 7336330.772710353, "row_index": 3.0, "col_index": 21.0}, "geometry": {"type": "MultiPolygon", "coordinates": [[[[319527.85260646814, 7337330.772710353], [320527.85260646814, 7337330.772710353], [320527.85260646814, 7336330.772710353], [319527.85260646814, 7336330.772710353], [319527.85260646814, 7337330.772710353]]]]}}, {"type": "Feature", "properties": {"id": 761.0, "left": 319527.85260646814, "top": 7336330.772710353, "right": 320527.85260646814, "bottom": 7335330.772710353, "row_index": 4.0, "col_index": 21.0}, "geometry": {"type": "MultiPolygon", "coordinates": [[[[319527.85260646814, 7336330.772710353], [320527.85260646814, 7336330.772710353], [320527.85260646814, 7335330.772710353], [319527.85260646814, 7335330.772710353], [319527.85260646814, 7336330.772710353]]]]}}, {"type": "Feature", "properties": {"id": 752.0, "left": 318527.85260646814, "top": 7309330.772710353, "right": 319527.85260646814, "bottom": 7308330.772710353, "row_index": 31.0, "col_index": 20.0}, "geometry": {"type": "MultiPolygon", "coordinates": [[[[318527.85260646814, 7309330.772710353], [319527.85260646814, 7309330.772710353], [319527.85260646814, 7308330.772710353], [318527.85260646814, 7308330.772710353], [318527.85260646814, 7309330.772710353]]]]}}, {"type": "Feature", "properties": {"id": 753.0, "left": 318527.85260646814, "top": 7308330.772710353, "right": 319527.85260646814, "bottom": 7307330.772710353, "row_index": 32.0, "col_index": 20.0}, "geometry": {"type": "MultiPolygon", "coordinates": [[[[318527.85260646814, 7308330.772710353], [319527.85260646814, 7308330.772710353], [319527.85260646814, 7307330.772710353], [318527.85260646814, 7307330.772710353], [318527.85260646814, 7308330.772710353]]]]}}, {"type": "Feature", "properties": {"id": 750.0, "left": 318527.85260646814, "top": 7311330.772710353, "right": 319527.85260646814, "bottom": 7310330.772710353, "row_index": 29.0, "col_index": 20.0}, "geometry": {"type": "MultiPolygon", "coordinates": [[[[318527.85260646814, 7311330.772710353], [319527.85260646814, 7311330.772710353], [319527.85260646814, 7310330.772710353], [318527.85260646814, 7310330.772710353], [318527.85260646814, 7311330.772710353]]]]}}, {"type": "Feature", "properties": {"id": 751.0, "left": 318527.85260646814, "top": 7310330.772710353, "right": 319527.85260646814, "bottom": 7309330.772710353, "row_index": 30.0, "col_index": 20.0}, "geometry": {"type": "MultiPolygon", "coordinates": [[[[318527.85260646814, 7310330.772710353], [319527.85260646814, 7310330.772710353], [319527.85260646814, 7309330.772710353], [318527.85260646814, 7309330.772710353], [318527.85260646814, 7310330.772710353]]]]}}, {"type": "Feature", "properties": {"id": 748.0, "left": 318527.85260646814, "top": 7313330.772710353, "right": 319527.85260646814, "bottom": 7312330.772710353, "row_index": 27.0, "col_index": 20.0}, "geometry": {"type": "MultiPolygon", "coordinates": [[[[318527.85260646814, 7313330.772710353], [319527.85260646814, 7313330.772710353], [319527.85260646814, 7312330.772710353], [318527.85260646814, 7312330.772710353], [318527.85260646814, 7313330.772710353]]]]}}, {"type": "Feature", "properties": {"id": 749.0, "left": 318527.85260646814, "top": 7312330.772710353, "right": 319527.85260646814, "bottom": 7311330.772710353, "row_index": 28.0, "col_index": 20.0}, "geometry": {"type": "MultiPolygon", "coordinates": [[[[318527.85260646814, 7312330.772710353], [319527.85260646814, 7312330.772710353], [319527.85260646814, 7311330.772710353], [318527.85260646814, 7311330.772710353], [318527.85260646814, 7312330.772710353]]]]}}, {"type": "Feature", "properties": {"id": 746.0, "left": 318527.85260646814, "top": 7315330.772710353, "right": 319527.85260646814, "bottom": 7314330.772710353, "row_index": 25.0, "col_index": 20.0}, "geometry": {"type": "MultiPolygon", "coordinates": [[[[318527.85260646814, 7315330.772710353], [319527.85260646814, 7315330.772710353], [319527.85260646814, 7314330.772710353], [318527.85260646814, 7314330.772710353], [318527.85260646814, 7315330.772710353]]]]}}, {"type": "Feature", "properties": {"id": 747.0, "left": 318527.85260646814, "top": 7314330.772710353, "right": 319527.85260646814, "bottom": 7313330.772710353, "row_index": 26.0, "col_index": 20.0}, "geometry": {"type": "MultiPolygon", "coordinates": [[[[318527.85260646814, 7314330.772710353], [319527.85260646814, 7314330.772710353], [319527.85260646814, 7313330.772710353], [318527.85260646814, 7313330.772710353], [318527.85260646814, 7314330.772710353]]]]}}, {"type": "Feature", "properties": {"id": 744.0, "left": 318527.85260646814, "top": 7317330.772710353, "right": 319527.85260646814, "bottom": 7316330.772710353, "row_index": 23.0, "col_index": 20.0}, "geometry": {"type": "MultiPolygon", "coordinates": [[[[318527.85260646814, 7317330.772710353], [319527.85260646814, 7317330.772710353], [319527.85260646814, 7316330.772710353], [318527.85260646814, 7316330.772710353], [318527.85260646814, 7317330.772710353]]]]}}, {"type": "Feature", "properties": {"id": 745.0, "left": 318527.85260646814, "top": 7316330.772710353, "right": 319527.85260646814, "bottom": 7315330.772710353, "row_index": 24.0, "col_index": 20.0}, "geometry": {"type": "MultiPolygon", "coordinates": [[[[318527.85260646814, 7316330.772710353], [319527.85260646814, 7316330.772710353], [319527.85260646814, 7315330.772710353], [318527.85260646814, 7315330.772710353], [318527.85260646814, 7316330.772710353]]]]}}, {"type": "Feature", "properties": {"id": 742.0, "left": 318527.85260646814, "top": 7319330.772710353, "right": 319527.85260646814, "bottom": 7318330.772710353, "row_index": 21.0, "col_index": 20.0}, "geometry": {"type": "MultiPolygon", "coordinates": [[[[318527.85260646814, 7319330.772710353], [319527.85260646814, 7319330.772710353], [319527.85260646814, 7318330.772710353], [318527.85260646814, 7318330.772710353], [318527.85260646814, 7319330.772710353]]]]}}, {"type": "Feature", "properties": {"id": 743.0, "left": 318527.85260646814, "top": 7318330.772710353, "right": 319527.85260646814, "bottom": 7317330.772710353, "row_index": 22.0, "col_index": 20.0}, "geometry": {"type": "MultiPolygon", "coordinates": [[[[318527.85260646814, 7318330.772710353], [319527.85260646814, 7318330.772710353], [319527.85260646814, 7317330.772710353], [318527.85260646814, 7317330.772710353], [318527.85260646814, 7318330.772710353]]]]}}, {"type": "Feature", "properties": {"id": 740.0, "left": 318527.85260646814, "top": 7321330.772710353, "right": 319527.85260646814, "bottom": 7320330.772710353, "row_index": 19.0, "col_index": 20.0}, "geometry": {"type": "MultiPolygon", "coordinates": [[[[318527.85260646814, 7321330.772710353], [319527.85260646814, 7321330.772710353], [319527.85260646814, 7320330.772710353], [318527.85260646814, 7320330.772710353], [318527.85260646814, 7321330.772710353]]]]}}, {"type": "Feature", "properties": {"id": 741.0, "left": 318527.85260646814, "top": 7320330.772710353, "right": 319527.85260646814, "bottom": 7319330.772710353, "row_index": 20.0, "col_index": 20.0}, "geometry": {"type": "MultiPolygon", "coordinates": [[[[318527.85260646814, 7320330.772710353], [319527.85260646814, 7320330.772710353], [319527.85260646814, 7319330.772710353], [318527.85260646814, 7319330.772710353], [318527.85260646814, 7320330.772710353]]]]}}, {"type": "Feature", "properties": {"id": 738.0, "left": 318527.85260646814, "top": 7323330.772710353, "right": 319527.85260646814, "bottom": 7322330.772710353, "row_index": 17.0, "col_index": 20.0}, "geometry": {"type": "MultiPolygon", "coordinates": [[[[318527.85260646814, 7323330.772710353], [319527.85260646814, 7323330.772710353], [319527.85260646814, 7322330.772710353], [318527.85260646814, 7322330.772710353], [318527.85260646814, 7323330.772710353]]]]}}, {"type": "Feature", "properties": {"id": 739.0, "left": 318527.85260646814, "top": 7322330.772710353, "right": 319527.85260646814, "bottom": 7321330.772710353, "row_index": 18.0, "col_index": 20.0}, "geometry": {"type": "MultiPolygon", "coordinates": [[[[318527.85260646814, 7322330.772710353], [319527.85260646814, 7322330.772710353], [319527.85260646814, 7321330.772710353], [318527.85260646814, 7321330.772710353], [318527.85260646814, 7322330.772710353]]]]}}, {"type": "Feature", "properties": {"id": 736.0, "left": 318527.85260646814, "top": 7325330.772710353, "right": 319527.85260646814, "bottom": 7324330.772710353, "row_index": 15.0, "col_index": 20.0}, "geometry": {"type": "MultiPolygon", "coordinates": [[[[318527.85260646814, 7325330.772710353], [319527.85260646814, 7325330.772710353], [319527.85260646814, 7324330.772710353], [318527.85260646814, 7324330.772710353], [318527.85260646814, 7325330.772710353]]]]}}, {"type": "Feature", "properties": {"id": 737.0, "left": 318527.85260646814, "top": 7324330.772710353, "right": 319527.85260646814, "bottom": 7323330.772710353, "row_index": 16.0, "col_index": 20.0}, "geometry": {"type": "MultiPolygon", "coordinates": [[[[318527.85260646814, 7324330.772710353], [319527.85260646814, 7324330.772710353], [319527.85260646814, 7323330.772710353], [318527.85260646814, 7323330.772710353], [318527.85260646814, 7324330.772710353]]]]}}, {"type": "Feature", "properties": {"id": 670.0, "left": 316527.85260646814, "top": 7319330.772710353, "right": 317527.85260646814, "bottom": 7318330.772710353, "row_index": 21.0, "col_index": 18.0}, "geometry": {"type": "MultiPolygon", "coordinates": [[[[316527.85260646814, 7319330.772710353], [317527.85260646814, 7319330.772710353], [317527.85260646814, 7318330.772710353], [316527.85260646814, 7318330.772710353], [316527.85260646814, 7319330.772710353]]]]}}, {"type": "Feature", "properties": {"id": 671.0, "left": 316527.85260646814, "top": 7318330.772710353, "right": 317527.85260646814, "bottom": 7317330.772710353, "row_index": 22.0, "col_index": 18.0}, "geometry": {"type": "MultiPolygon", "coordinates": [[[[316527.85260646814, 7318330.772710353], [317527.85260646814, 7318330.772710353], [317527.85260646814, 7317330.772710353], [316527.85260646814, 7317330.772710353], [316527.85260646814, 7318330.772710353]]]]}}, {"type": "Feature", "properties": {"id": 668.0, "left": 316527.85260646814, "top": 7321330.772710353, "right": 317527.85260646814, "bottom": 7320330.772710353, "row_index": 19.0, "col_index": 18.0}, "geometry": {"type": "MultiPolygon", "coordinates": [[[[316527.85260646814, 7321330.772710353], [317527.85260646814, 7321330.772710353], [317527.85260646814, 7320330.772710353], [316527.85260646814, 7320330.772710353], [316527.85260646814, 7321330.772710353]]]]}}, {"type": "Feature", "properties": {"id": 669.0, "left": 316527.85260646814, "top": 7320330.772710353, "right": 317527.85260646814, "bottom": 7319330.772710353, "row_index": 20.0, "col_index": 18.0}, "geometry": {"type": "MultiPolygon", "coordinates": [[[[316527.85260646814, 7320330.772710353], [317527.85260646814, 7320330.772710353], [317527.85260646814, 7319330.772710353], [316527.85260646814, 7319330.772710353], [316527.85260646814, 7320330.772710353]]]]}}, {"type": "Feature", "properties": {"id": 666.0, "left": 316527.85260646814, "top": 7323330.772710353, "right": 317527.85260646814, "bottom": 7322330.772710353, "row_index": 17.0, "col_index": 18.0}, "geometry": {"type": "MultiPolygon", "coordinates": [[[[316527.85260646814, 7323330.772710353], [317527.85260646814, 7323330.772710353], [317527.85260646814, 7322330.772710353], [316527.85260646814, 7322330.772710353], [316527.85260646814, 7323330.772710353]]]]}}, {"type": "Feature", "properties": {"id": 667.0, "left": 316527.85260646814, "top": 7322330.772710353, "right": 317527.85260646814, "bottom": 7321330.772710353, "row_index": 18.0, "col_index": 18.0}, "geometry": {"type": "MultiPolygon", "coordinates": [[[[316527.85260646814, 7322330.772710353], [317527.85260646814, 7322330.772710353], [317527.85260646814, 7321330.772710353], [316527.85260646814, 7321330.772710353], [316527.85260646814, 7322330.772710353]]]]}}, {"type": "Feature", "properties": {"id": 664.0, "left": 316527.85260646814, "top": 7325330.772710353, "right": 317527.85260646814, "bottom": 7324330.772710353, "row_index": 15.0, "col_index": 18.0}, "geometry": {"type": "MultiPolygon", "coordinates": [[[[316527.85260646814, 7325330.772710353], [317527.85260646814, 7325330.772710353], [317527.85260646814, 7324330.772710353], [316527.85260646814, 7324330.772710353], [316527.85260646814, 7325330.772710353]]]]}}, {"type": "Feature", "properties": {"id": 665.0, "left": 316527.85260646814, "top": 7324330.772710353, "right": 317527.85260646814, "bottom": 7323330.772710353, "row_index": 16.0, "col_index": 18.0}, "geometry": {"type": "MultiPolygon", "coordinates": [[[[316527.85260646814, 7324330.772710353], [317527.85260646814, 7324330.772710353], [317527.85260646814, 7323330.772710353], [316527.85260646814, 7323330.772710353], [316527.85260646814, 7324330.772710353]]]]}}, {"type": "Feature", "properties": {"id": 662.0, "left": 316527.85260646814, "top": 7327330.772710353, "right": 317527.85260646814, "bottom": 7326330.772710353, "row_index": 13.0, "col_index": 18.0}, "geometry": {"type": "MultiPolygon", "coordinates": [[[[316527.85260646814, 7327330.772710353], [317527.85260646814, 7327330.772710353], [317527.85260646814, 7326330.772710353], [316527.85260646814, 7326330.772710353], [316527.85260646814, 7327330.772710353]]]]}}, {"type": "Feature", "properties": {"id": 663.0, "left": 316527.85260646814, "top": 7326330.772710353, "right": 317527.85260646814, "bottom": 7325330.772710353, "row_index": 14.0, "col_index": 18.0}, "geometry": {"type": "MultiPolygon", "coordinates": [[[[316527.85260646814, 7326330.772710353], [317527.85260646814, 7326330.772710353], [317527.85260646814, 7325330.772710353], [316527.85260646814, 7325330.772710353], [316527.85260646814, 7326330.772710353]]]]}}, {"type": "Feature", "properties": {"id": 660.0, "left": 316527.85260646814, "top": 7329330.772710353, "right": 317527.85260646814, "bottom": 7328330.772710353, "row_index": 11.0, "col_index": 18.0}, "geometry": {"type": "MultiPolygon", "coordinates": [[[[316527.85260646814, 7329330.772710353], [317527.85260646814, 7329330.772710353], [317527.85260646814, 7328330.772710353], [316527.85260646814, 7328330.772710353], [316527.85260646814, 7329330.772710353]]]]}}, {"type": "Feature", "properties": {"id": 661.0, "left": 316527.85260646814, "top": 7328330.772710353, "right": 317527.85260646814, "bottom": 7327330.772710353, "row_index": 12.0, "col_index": 18.0}, "geometry": {"type": "MultiPolygon", "coordinates": [[[[316527.85260646814, 7328330.772710353], [317527.85260646814, 7328330.772710353], [317527.85260646814, 7327330.772710353], [316527.85260646814, 7327330.772710353], [316527.85260646814, 7328330.772710353]]]]}}, {"type": "Feature", "properties": {"id": 658.0, "left": 316527.85260646814, "top": 7331330.772710353, "right": 317527.85260646814, "bottom": 7330330.772710353, "row_index": 9.0, "col_index": 18.0}, "geometry": {"type": "MultiPolygon", "coordinates": [[[[316527.85260646814, 7331330.772710353], [317527.85260646814, 7331330.772710353], [317527.85260646814, 7330330.772710353], [316527.85260646814, 7330330.772710353], [316527.85260646814, 7331330.772710353]]]]}}, {"type": "Feature", "properties": {"id": 659.0, "left": 316527.85260646814, "top": 7330330.772710353, "right": 317527.85260646814, "bottom": 7329330.772710353, "row_index": 10.0, "col_index": 18.0}, "geometry": {"type": "MultiPolygon", "coordinates": [[[[316527.85260646814, 7330330.772710353], [317527.85260646814, 7330330.772710353], [317527.85260646814, 7329330.772710353], [316527.85260646814, 7329330.772710353], [316527.85260646814, 7330330.772710353]]]]}}, {"type": "Feature", "properties": {"id": 656.0, "left": 316527.85260646814, "top": 7333330.772710353, "right": 317527.85260646814, "bottom": 7332330.772710353, "row_index": 7.0, "col_index": 18.0}, "geometry": {"type": "MultiPolygon", "coordinates": [[[[316527.85260646814, 7333330.772710353], [317527.85260646814, 7333330.772710353], [317527.85260646814, 7332330.772710353], [316527.85260646814, 7332330.772710353], [316527.85260646814, 7333330.772710353]]]]}}, {"type": "Feature", "properties": {"id": 657.0, "left": 316527.85260646814, "top": 7332330.772710353, "right": 317527.85260646814, "bottom": 7331330.772710353, "row_index": 8.0, "col_index": 18.0}, "geometry": {"type": "MultiPolygon", "coordinates": [[[[316527.85260646814, 7332330.772710353], [317527.85260646814, 7332330.772710353], [317527.85260646814, 7331330.772710353], [316527.85260646814, 7331330.772710353], [316527.85260646814, 7332330.772710353]]]]}}, {"type": "Feature", "properties": {"id": 654.0, "left": 316527.85260646814, "top": 7335330.772710353, "right": 317527.85260646814, "bottom": 7334330.772710353, "row_index": 5.0, "col_index": 18.0}, "geometry": {"type": "MultiPolygon", "coordinates": [[[[316527.85260646814, 7335330.772710353], [317527.85260646814, 7335330.772710353], [317527.85260646814, 7334330.772710353], [316527.85260646814, 7334330.772710353], [316527.85260646814, 7335330.772710353]]]]}}, {"type": "Feature", "properties": {"id": 655.0, "left": 316527.85260646814, "top": 7334330.772710353, "right": 317527.85260646814, "bottom": 7333330.772710353, "row_index": 6.0, "col_index": 18.0}, "geometry": {"type": "MultiPolygon", "coordinates": [[[[316527.85260646814, 7334330.772710353], [317527.85260646814, 7334330.772710353], [317527.85260646814, 7333330.772710353], [316527.85260646814, 7333330.772710353], [316527.85260646814, 7334330.772710353]]]]}}, {"type": "Feature", "properties": {"id": 652.0, "left": 316527.85260646814, "top": 7337330.772710353, "right": 317527.85260646814, "bottom": 7336330.772710353, "row_index": 3.0, "col_index": 18.0}, "geometry": {"type": "MultiPolygon", "coordinates": [[[[316527.85260646814, 7337330.772710353], [317527.85260646814, 7337330.772710353], [317527.85260646814, 7336330.772710353], [316527.85260646814, 7336330.772710353], [316527.85260646814, 7337330.772710353]]]]}}, {"type": "Feature", "properties": {"id": 653.0, "left": 316527.85260646814, "top": 7336330.772710353, "right": 317527.85260646814, "bottom": 7335330.772710353, "row_index": 4.0, "col_index": 18.0}, "geometry": {"type": "MultiPolygon", "coordinates": [[[[316527.85260646814, 7336330.772710353], [317527.85260646814, 7336330.772710353], [317527.85260646814, 7335330.772710353], [316527.85260646814, 7335330.772710353], [316527.85260646814, 7336330.772710353]]]]}}, {"type": "Feature", "properties": {"id": 650.0, "left": 316527.85260646814, "top": 7339330.772710353, "right": 317527.85260646814, "bottom": 7338330.772710353, "row_index": 1.0, "col_index": 18.0}, "geometry": {"type": "MultiPolygon", "coordinates": [[[[316527.85260646814, 7339330.772710353], [317527.85260646814, 7339330.772710353], [317527.85260646814, 7338330.772710353], [316527.85260646814, 7338330.772710353], [316527.85260646814, 7339330.772710353]]]]}}, {"type": "Feature", "properties": {"id": 651.0, "left": 316527.85260646814, "top": 7338330.772710353, "right": 317527.85260646814, "bottom": 7337330.772710353, "row_index": 2.0, "col_index": 18.0}, "geometry": {"type": "MultiPolygon", "coordinates": [[[[316527.85260646814, 7338330.772710353], [317527.85260646814, 7338330.772710353], [317527.85260646814, 7337330.772710353], [316527.85260646814, 7337330.772710353], [316527.85260646814, 7338330.772710353]]]]}}, {"type": "Feature", "properties": {"id": 642.0, "left": 315527.85260646814, "top": 7311330.772710353, "right": 316527.85260646814, "bottom": 7310330.772710353, "row_index": 29.0, "col_index": 17.0}, "geometry": {"type": "MultiPolygon", "coordinates": [[[[315527.85260646814, 7311330.772710353], [316527.85260646814, 7311330.772710353], [316527.85260646814, 7310330.772710353], [315527.85260646814, 7310330.772710353], [315527.85260646814, 7311330.772710353]]]]}}, {"type": "Feature", "properties": {"id": 643.0, "left": 315527.85260646814, "top": 7310330.772710353, "right": 316527.85260646814, "bottom": 7309330.772710353, "row_index": 30.0, "col_index": 17.0}, "geometry": {"type": "MultiPolygon", "coordinates": [[[[315527.85260646814, 7310330.772710353], [316527.85260646814, 7310330.772710353], [316527.85260646814, 7309330.772710353], [315527.85260646814, 7309330.772710353], [315527.85260646814, 7310330.772710353]]]]}}, {"type": "Feature", "properties": {"id": 640.0, "left": 315527.85260646814, "top": 7313330.772710353, "right": 316527.85260646814, "bottom": 7312330.772710353, "row_index": 27.0, "col_index": 17.0}, "geometry": {"type": "MultiPolygon", "coordinates": [[[[315527.85260646814, 7313330.772710353], [316527.85260646814, 7313330.772710353], [316527.85260646814, 7312330.772710353], [315527.85260646814, 7312330.772710353], [315527.85260646814, 7313330.772710353]]]]}}, {"type": "Feature", "properties": {"id": 641.0, "left": 315527.85260646814, "top": 7312330.772710353, "right": 316527.85260646814, "bottom": 7311330.772710353, "row_index": 28.0, "col_index": 17.0}, "geometry": {"type": "MultiPolygon", "coordinates": [[[[315527.85260646814, 7312330.772710353], [316527.85260646814, 7312330.772710353], [316527.85260646814, 7311330.772710353], [315527.85260646814, 7311330.772710353], [315527.85260646814, 7312330.772710353]]]]}}, {"type": "Feature", "properties": {"id": 702.0, "left": 317527.85260646814, "top": 7323330.772710353, "right": 318527.85260646814, "bottom": 7322330.772710353, "row_index": 17.0, "col_index": 19.0}, "geometry": {"type": "MultiPolygon", "coordinates": [[[[317527.85260646814, 7323330.772710353], [318527.85260646814, 7323330.772710353], [318527.85260646814, 7322330.772710353], [317527.85260646814, 7322330.772710353], [317527.85260646814, 7323330.772710353]]]]}}, {"type": "Feature", "properties": {"id": 703.0, "left": 317527.85260646814, "top": 7322330.772710353, "right": 318527.85260646814, "bottom": 7321330.772710353, "row_index": 18.0, "col_index": 19.0}, "geometry": {"type": "MultiPolygon", "coordinates": [[[[317527.85260646814, 7322330.772710353], [318527.85260646814, 7322330.772710353], [318527.85260646814, 7321330.772710353], [317527.85260646814, 7321330.772710353], [317527.85260646814, 7322330.772710353]]]]}}, {"type": "Feature", "properties": {"id": 700.0, "left": 317527.85260646814, "top": 7325330.772710353, "right": 318527.85260646814, "bottom": 7324330.772710353, "row_index": 15.0, "col_index": 19.0}, "geometry": {"type": "MultiPolygon", "coordinates": [[[[317527.85260646814, 7325330.772710353], [318527.85260646814, 7325330.772710353], [318527.85260646814, 7324330.772710353], [317527.85260646814, 7324330.772710353], [317527.85260646814, 7325330.772710353]]]]}}, {"type": "Feature", "properties": {"id": 701.0, "left": 317527.85260646814, "top": 7324330.772710353, "right": 318527.85260646814, "bottom": 7323330.772710353, "row_index": 16.0, "col_index": 19.0}, "geometry": {"type": "MultiPolygon", "coordinates": [[[[317527.85260646814, 7324330.772710353], [318527.85260646814, 7324330.772710353], [318527.85260646814, 7323330.772710353], [317527.85260646814, 7323330.772710353], [317527.85260646814, 7324330.772710353]]]]}}, {"type": "Feature", "properties": {"id": 698.0, "left": 317527.85260646814, "top": 7327330.772710353, "right": 318527.85260646814, "bottom": 7326330.772710353, "row_index": 13.0, "col_index": 19.0}, "geometry": {"type": "MultiPolygon", "coordinates": [[[[317527.85260646814, 7327330.772710353], [318527.85260646814, 7327330.772710353], [318527.85260646814, 7326330.772710353], [317527.85260646814, 7326330.772710353], [317527.85260646814, 7327330.772710353]]]]}}, {"type": "Feature", "properties": {"id": 699.0, "left": 317527.85260646814, "top": 7326330.772710353, "right": 318527.85260646814, "bottom": 7325330.772710353, "row_index": 14.0, "col_index": 19.0}, "geometry": {"type": "MultiPolygon", "coordinates": [[[[317527.85260646814, 7326330.772710353], [318527.85260646814, 7326330.772710353], [318527.85260646814, 7325330.772710353], [317527.85260646814, 7325330.772710353], [317527.85260646814, 7326330.772710353]]]]}}, {"type": "Feature", "properties": {"id": 696.0, "left": 317527.85260646814, "top": 7329330.772710353, "right": 318527.85260646814, "bottom": 7328330.772710353, "row_index": 11.0, "col_index": 19.0}, "geometry": {"type": "MultiPolygon", "coordinates": [[[[317527.85260646814, 7329330.772710353], [318527.85260646814, 7329330.772710353], [318527.85260646814, 7328330.772710353], [317527.85260646814, 7328330.772710353], [317527.85260646814, 7329330.772710353]]]]}}, {"type": "Feature", "properties": {"id": 697.0, "left": 317527.85260646814, "top": 7328330.772710353, "right": 318527.85260646814, "bottom": 7327330.772710353, "row_index": 12.0, "col_index": 19.0}, "geometry": {"type": "MultiPolygon", "coordinates": [[[[317527.85260646814, 7328330.772710353], [318527.85260646814, 7328330.772710353], [318527.85260646814, 7327330.772710353], [317527.85260646814, 7327330.772710353], [317527.85260646814, 7328330.772710353]]]]}}, {"type": "Feature", "properties": {"id": 694.0, "left": 317527.85260646814, "top": 7331330.772710353, "right": 318527.85260646814, "bottom": 7330330.772710353, "row_index": 9.0, "col_index": 19.0}, "geometry": {"type": "MultiPolygon", "coordinates": [[[[317527.85260646814, 7331330.772710353], [318527.85260646814, 7331330.772710353], [318527.85260646814, 7330330.772710353], [317527.85260646814, 7330330.772710353], [317527.85260646814, 7331330.772710353]]]]}}, {"type": "Feature", "properties": {"id": 695.0, "left": 317527.85260646814, "top": 7330330.772710353, "right": 318527.85260646814, "bottom": 7329330.772710353, "row_index": 10.0, "col_index": 19.0}, "geometry": {"type": "MultiPolygon", "coordinates": [[[[317527.85260646814, 7330330.772710353], [318527.85260646814, 7330330.772710353], [318527.85260646814, 7329330.772710353], [317527.85260646814, 7329330.772710353], [317527.85260646814, 7330330.772710353]]]]}}, {"type": "Feature", "properties": {"id": 692.0, "left": 317527.85260646814, "top": 7333330.772710353, "right": 318527.85260646814, "bottom": 7332330.772710353, "row_index": 7.0, "col_index": 19.0}, "geometry": {"type": "MultiPolygon", "coordinates": [[[[317527.85260646814, 7333330.772710353], [318527.85260646814, 7333330.772710353], [318527.85260646814, 7332330.772710353], [317527.85260646814, 7332330.772710353], [317527.85260646814, 7333330.772710353]]]]}}, {"type": "Feature", "properties": {"id": 693.0, "left": 317527.85260646814, "top": 7332330.772710353, "right": 318527.85260646814, "bottom": 7331330.772710353, "row_index": 8.0, "col_index": 19.0}, "geometry": {"type": "MultiPolygon", "coordinates": [[[[317527.85260646814, 7332330.772710353], [318527.85260646814, 7332330.772710353], [318527.85260646814, 7331330.772710353], [317527.85260646814, 7331330.772710353], [317527.85260646814, 7332330.772710353]]]]}}, {"type": "Feature", "properties": {"id": 690.0, "left": 317527.85260646814, "top": 7335330.772710353, "right": 318527.85260646814, "bottom": 7334330.772710353, "row_index": 5.0, "col_index": 19.0}, "geometry": {"type": "MultiPolygon", "coordinates": [[[[317527.85260646814, 7335330.772710353], [318527.85260646814, 7335330.772710353], [318527.85260646814, 7334330.772710353], [317527.85260646814, 7334330.772710353], [317527.85260646814, 7335330.772710353]]]]}}, {"type": "Feature", "properties": {"id": 691.0, "left": 317527.85260646814, "top": 7334330.772710353, "right": 318527.85260646814, "bottom": 7333330.772710353, "row_index": 6.0, "col_index": 19.0}, "geometry": {"type": "MultiPolygon", "coordinates": [[[[317527.85260646814, 7334330.772710353], [318527.85260646814, 7334330.772710353], [318527.85260646814, 7333330.772710353], [317527.85260646814, 7333330.772710353], [317527.85260646814, 7334330.772710353]]]]}}, {"type": "Feature", "properties": {"id": 688.0, "left": 317527.85260646814, "top": 7337330.772710353, "right": 318527.85260646814, "bottom": 7336330.772710353, "row_index": 3.0, "col_index": 19.0}, "geometry": {"type": "MultiPolygon", "coordinates": [[[[317527.85260646814, 7337330.772710353], [318527.85260646814, 7337330.772710353], [318527.85260646814, 7336330.772710353], [317527.85260646814, 7336330.772710353], [317527.85260646814, 7337330.772710353]]]]}}, {"type": "Feature", "properties": {"id": 689.0, "left": 317527.85260646814, "top": 7336330.772710353, "right": 318527.85260646814, "bottom": 7335330.772710353, "row_index": 4.0, "col_index": 19.0}, "geometry": {"type": "MultiPolygon", "coordinates": [[[[317527.85260646814, 7336330.772710353], [318527.85260646814, 7336330.772710353], [318527.85260646814, 7335330.772710353], [317527.85260646814, 7335330.772710353], [317527.85260646814, 7336330.772710353]]]]}}, {"type": "Feature", "properties": {"id": 686.0, "left": 317527.85260646814, "top": 7339330.772710353, "right": 318527.85260646814, "bottom": 7338330.772710353, "row_index": 1.0, "col_index": 19.0}, "geometry": {"type": "MultiPolygon", "coordinates": [[[[317527.85260646814, 7339330.772710353], [318527.85260646814, 7339330.772710353], [318527.85260646814, 7338330.772710353], [317527.85260646814, 7338330.772710353], [317527.85260646814, 7339330.772710353]]]]}}, {"type": "Feature", "properties": {"id": 687.0, "left": 317527.85260646814, "top": 7338330.772710353, "right": 318527.85260646814, "bottom": 7337330.772710353, "row_index": 2.0, "col_index": 19.0}, "geometry": {"type": "MultiPolygon", "coordinates": [[[[317527.85260646814, 7338330.772710353], [318527.85260646814, 7338330.772710353], [318527.85260646814, 7337330.772710353], [317527.85260646814, 7337330.772710353], [317527.85260646814, 7338330.772710353]]]]}}, {"type": "Feature", "properties": {"id": 678.0, "left": 316527.85260646814, "top": 7311330.772710353, "right": 317527.85260646814, "bottom": 7310330.772710353, "row_index": 29.0, "col_index": 18.0}, "geometry": {"type": "MultiPolygon", "coordinates": [[[[316527.85260646814, 7311330.772710353], [317527.85260646814, 7311330.772710353], [317527.85260646814, 7310330.772710353], [316527.85260646814, 7310330.772710353], [316527.85260646814, 7311330.772710353]]]]}}, {"type": "Feature", "properties": {"id": 676.0, "left": 316527.85260646814, "top": 7313330.772710353, "right": 317527.85260646814, "bottom": 7312330.772710353, "row_index": 27.0, "col_index": 18.0}, "geometry": {"type": "MultiPolygon", "coordinates": [[[[316527.85260646814, 7313330.772710353], [317527.85260646814, 7313330.772710353], [317527.85260646814, 7312330.772710353], [316527.85260646814, 7312330.772710353], [316527.85260646814, 7313330.772710353]]]]}}, {"type": "Feature", "properties": {"id": 677.0, "left": 316527.85260646814, "top": 7312330.772710353, "right": 317527.85260646814, "bottom": 7311330.772710353, "row_index": 28.0, "col_index": 18.0}, "geometry": {"type": "MultiPolygon", "coordinates": [[[[316527.85260646814, 7312330.772710353], [317527.85260646814, 7312330.772710353], [317527.85260646814, 7311330.772710353], [316527.85260646814, 7311330.772710353], [316527.85260646814, 7312330.772710353]]]]}}, {"type": "Feature", "properties": {"id": 674.0, "left": 316527.85260646814, "top": 7315330.772710353, "right": 317527.85260646814, "bottom": 7314330.772710353, "row_index": 25.0, "col_index": 18.0}, "geometry": {"type": "MultiPolygon", "coordinates": [[[[316527.85260646814, 7315330.772710353], [317527.85260646814, 7315330.772710353], [317527.85260646814, 7314330.772710353], [316527.85260646814, 7314330.772710353], [316527.85260646814, 7315330.772710353]]]]}}, {"type": "Feature", "properties": {"id": 675.0, "left": 316527.85260646814, "top": 7314330.772710353, "right": 317527.85260646814, "bottom": 7313330.772710353, "row_index": 26.0, "col_index": 18.0}, "geometry": {"type": "MultiPolygon", "coordinates": [[[[316527.85260646814, 7314330.772710353], [317527.85260646814, 7314330.772710353], [317527.85260646814, 7313330.772710353], [316527.85260646814, 7313330.772710353], [316527.85260646814, 7314330.772710353]]]]}}, {"type": "Feature", "properties": {"id": 672.0, "left": 316527.85260646814, "top": 7317330.772710353, "right": 317527.85260646814, "bottom": 7316330.772710353, "row_index": 23.0, "col_index": 18.0}, "geometry": {"type": "MultiPolygon", "coordinates": [[[[316527.85260646814, 7317330.772710353], [317527.85260646814, 7317330.772710353], [317527.85260646814, 7316330.772710353], [316527.85260646814, 7316330.772710353], [316527.85260646814, 7317330.772710353]]]]}}, {"type": "Feature", "properties": {"id": 673.0, "left": 316527.85260646814, "top": 7316330.772710353, "right": 317527.85260646814, "bottom": 7315330.772710353, "row_index": 24.0, "col_index": 18.0}, "geometry": {"type": "MultiPolygon", "coordinates": [[[[316527.85260646814, 7316330.772710353], [317527.85260646814, 7316330.772710353], [317527.85260646814, 7315330.772710353], [316527.85260646814, 7315330.772710353], [316527.85260646814, 7316330.772710353]]]]}}, {"type": "Feature", "properties": {"id": 350.0, "left": 307527.85260646814, "top": 7315330.772710353, "right": 308527.85260646814, "bottom": 7314330.772710353, "row_index": 25.0, "col_index": 9.0}, "geometry": {"type": "MultiPolygon", "coordinates": [[[[307527.85260646814, 7315330.772710353], [308527.85260646814, 7315330.772710353], [308527.85260646814, 7314330.772710353], [307527.85260646814, 7314330.772710353], [307527.85260646814, 7315330.772710353]]]]}}, {"type": "Feature", "properties": {"id": 351.0, "left": 307527.85260646814, "top": 7314330.772710353, "right": 308527.85260646814, "bottom": 7313330.772710353, "row_index": 26.0, "col_index": 9.0}, "geometry": {"type": "MultiPolygon", "coordinates": [[[[307527.85260646814, 7314330.772710353], [308527.85260646814, 7314330.772710353], [308527.85260646814, 7313330.772710353], [307527.85260646814, 7313330.772710353], [307527.85260646814, 7314330.772710353]]]]}}, {"type": "Feature", "properties": {"id": 348.0, "left": 307527.85260646814, "top": 7317330.772710353, "right": 308527.85260646814, "bottom": 7316330.772710353, "row_index": 23.0, "col_index": 9.0}, "geometry": {"type": "MultiPolygon", "coordinates": [[[[307527.85260646814, 7317330.772710353], [308527.85260646814, 7317330.772710353], [308527.85260646814, 7316330.772710353], [307527.85260646814, 7316330.772710353], [307527.85260646814, 7317330.772710353]]]]}}, {"type": "Feature", "properties": {"id": 349.0, "left": 307527.85260646814, "top": 7316330.772710353, "right": 308527.85260646814, "bottom": 7315330.772710353, "row_index": 24.0, "col_index": 9.0}, "geometry": {"type": "MultiPolygon", "coordinates": [[[[307527.85260646814, 7316330.772710353], [308527.85260646814, 7316330.772710353], [308527.85260646814, 7315330.772710353], [307527.85260646814, 7315330.772710353], [307527.85260646814, 7316330.772710353]]]]}}, {"type": "Feature", "properties": {"id": 346.0, "left": 307527.85260646814, "top": 7319330.772710353, "right": 308527.85260646814, "bottom": 7318330.772710353, "row_index": 21.0, "col_index": 9.0}, "geometry": {"type": "MultiPolygon", "coordinates": [[[[307527.85260646814, 7319330.772710353], [308527.85260646814, 7319330.772710353], [308527.85260646814, 7318330.772710353], [307527.85260646814, 7318330.772710353], [307527.85260646814, 7319330.772710353]]]]}}, {"type": "Feature", "properties": {"id": 347.0, "left": 307527.85260646814, "top": 7318330.772710353, "right": 308527.85260646814, "bottom": 7317330.772710353, "row_index": 22.0, "col_index": 9.0}, "geometry": {"type": "MultiPolygon", "coordinates": [[[[307527.85260646814, 7318330.772710353], [308527.85260646814, 7318330.772710353], [308527.85260646814, 7317330.772710353], [307527.85260646814, 7317330.772710353], [307527.85260646814, 7318330.772710353]]]]}}, {"type": "Feature", "properties": {"id": 344.0, "left": 307527.85260646814, "top": 7321330.772710353, "right": 308527.85260646814, "bottom": 7320330.772710353, "row_index": 19.0, "col_index": 9.0}, "geometry": {"type": "MultiPolygon", "coordinates": [[[[307527.85260646814, 7321330.772710353], [308527.85260646814, 7321330.772710353], [308527.85260646814, 7320330.772710353], [307527.85260646814, 7320330.772710353], [307527.85260646814, 7321330.772710353]]]]}}, {"type": "Feature", "properties": {"id": 345.0, "left": 307527.85260646814, "top": 7320330.772710353, "right": 308527.85260646814, "bottom": 7319330.772710353, "row_index": 20.0, "col_index": 9.0}, "geometry": {"type": "MultiPolygon", "coordinates": [[[[307527.85260646814, 7320330.772710353], [308527.85260646814, 7320330.772710353], [308527.85260646814, 7319330.772710353], [307527.85260646814, 7319330.772710353], [307527.85260646814, 7320330.772710353]]]]}}, {"type": "Feature", "properties": {"id": 342.0, "left": 307527.85260646814, "top": 7323330.772710353, "right": 308527.85260646814, "bottom": 7322330.772710353, "row_index": 17.0, "col_index": 9.0}, "geometry": {"type": "MultiPolygon", "coordinates": [[[[307527.85260646814, 7323330.772710353], [308527.85260646814, 7323330.772710353], [308527.85260646814, 7322330.772710353], [307527.85260646814, 7322330.772710353], [307527.85260646814, 7323330.772710353]]]]}}, {"type": "Feature", "properties": {"id": 343.0, "left": 307527.85260646814, "top": 7322330.772710353, "right": 308527.85260646814, "bottom": 7321330.772710353, "row_index": 18.0, "col_index": 9.0}, "geometry": {"type": "MultiPolygon", "coordinates": [[[[307527.85260646814, 7322330.772710353], [308527.85260646814, 7322330.772710353], [308527.85260646814, 7321330.772710353], [307527.85260646814, 7321330.772710353], [307527.85260646814, 7322330.772710353]]]]}}, {"type": "Feature", "properties": {"id": 340.0, "left": 307527.85260646814, "top": 7325330.772710353, "right": 308527.85260646814, "bottom": 7324330.772710353, "row_index": 15.0, "col_index": 9.0}, "geometry": {"type": "MultiPolygon", "coordinates": [[[[307527.85260646814, 7325330.772710353], [308527.85260646814, 7325330.772710353], [308527.85260646814, 7324330.772710353], [307527.85260646814, 7324330.772710353], [307527.85260646814, 7325330.772710353]]]]}}, {"type": "Feature", "properties": {"id": 341.0, "left": 307527.85260646814, "top": 7324330.772710353, "right": 308527.85260646814, "bottom": 7323330.772710353, "row_index": 16.0, "col_index": 9.0}, "geometry": {"type": "MultiPolygon", "coordinates": [[[[307527.85260646814, 7324330.772710353], [308527.85260646814, 7324330.772710353], [308527.85260646814, 7323330.772710353], [307527.85260646814, 7323330.772710353], [307527.85260646814, 7324330.772710353]]]]}}, {"type": "Feature", "properties": {"id": 338.0, "left": 307527.85260646814, "top": 7327330.772710353, "right": 308527.85260646814, "bottom": 7326330.772710353, "row_index": 13.0, "col_index": 9.0}, "geometry": {"type": "MultiPolygon", "coordinates": [[[[307527.85260646814, 7327330.772710353], [308527.85260646814, 7327330.772710353], [308527.85260646814, 7326330.772710353], [307527.85260646814, 7326330.772710353], [307527.85260646814, 7327330.772710353]]]]}}, {"type": "Feature", "properties": {"id": 339.0, "left": 307527.85260646814, "top": 7326330.772710353, "right": 308527.85260646814, "bottom": 7325330.772710353, "row_index": 14.0, "col_index": 9.0}, "geometry": {"type": "MultiPolygon", "coordinates": [[[[307527.85260646814, 7326330.772710353], [308527.85260646814, 7326330.772710353], [308527.85260646814, 7325330.772710353], [307527.85260646814, 7325330.772710353], [307527.85260646814, 7326330.772710353]]]]}}, {"type": "Feature", "properties": {"id": 336.0, "left": 307527.85260646814, "top": 7329330.772710353, "right": 308527.85260646814, "bottom": 7328330.772710353, "row_index": 11.0, "col_index": 9.0}, "geometry": {"type": "MultiPolygon", "coordinates": [[[[307527.85260646814, 7329330.772710353], [308527.85260646814, 7329330.772710353], [308527.85260646814, 7328330.772710353], [307527.85260646814, 7328330.772710353], [307527.85260646814, 7329330.772710353]]]]}}, {"type": "Feature", "properties": {"id": 337.0, "left": 307527.85260646814, "top": 7328330.772710353, "right": 308527.85260646814, "bottom": 7327330.772710353, "row_index": 12.0, "col_index": 9.0}, "geometry": {"type": "MultiPolygon", "coordinates": [[[[307527.85260646814, 7328330.772710353], [308527.85260646814, 7328330.772710353], [308527.85260646814, 7327330.772710353], [307527.85260646814, 7327330.772710353], [307527.85260646814, 7328330.772710353]]]]}}, {"type": "Feature", "properties": {"id": 334.0, "left": 307527.85260646814, "top": 7331330.772710353, "right": 308527.85260646814, "bottom": 7330330.772710353, "row_index": 9.0, "col_index": 9.0}, "geometry": {"type": "MultiPolygon", "coordinates": [[[[307527.85260646814, 7331330.772710353], [308527.85260646814, 7331330.772710353], [308527.85260646814, 7330330.772710353], [307527.85260646814, 7330330.772710353], [307527.85260646814, 7331330.772710353]]]]}}, {"type": "Feature", "properties": {"id": 335.0, "left": 307527.85260646814, "top": 7330330.772710353, "right": 308527.85260646814, "bottom": 7329330.772710353, "row_index": 10.0, "col_index": 9.0}, "geometry": {"type": "MultiPolygon", "coordinates": [[[[307527.85260646814, 7330330.772710353], [308527.85260646814, 7330330.772710353], [308527.85260646814, 7329330.772710353], [307527.85260646814, 7329330.772710353], [307527.85260646814, 7330330.772710353]]]]}}, {"type": "Feature", "properties": {"id": 333.0, "left": 307527.85260646814, "top": 7332330.772710353, "right": 308527.85260646814, "bottom": 7331330.772710353, "row_index": 8.0, "col_index": 9.0}, "geometry": {"type": "MultiPolygon", "coordinates": [[[[307527.85260646814, 7332330.772710353], [308527.85260646814, 7332330.772710353], [308527.85260646814, 7331330.772710353], [307527.85260646814, 7331330.772710353], [307527.85260646814, 7332330.772710353]]]]}}, {"type": "Feature", "properties": {"id": 330.0, "left": 307527.85260646814, "top": 7335330.772710353, "right": 308527.85260646814, "bottom": 7334330.772710353, "row_index": 5.0, "col_index": 9.0}, "geometry": {"type": "MultiPolygon", "coordinates": [[[[307527.85260646814, 7335330.772710353], [308527.85260646814, 7335330.772710353], [308527.85260646814, 7334330.772710353], [307527.85260646814, 7334330.772710353], [307527.85260646814, 7335330.772710353]]]]}}, {"type": "Feature", "properties": {"id": 328.0, "left": 307527.85260646814, "top": 7337330.772710353, "right": 308527.85260646814, "bottom": 7336330.772710353, "row_index": 3.0, "col_index": 9.0}, "geometry": {"type": "MultiPolygon", "coordinates": [[[[307527.85260646814, 7337330.772710353], [308527.85260646814, 7337330.772710353], [308527.85260646814, 7336330.772710353], [307527.85260646814, 7336330.772710353], [307527.85260646814, 7337330.772710353]]]]}}, {"type": "Feature", "properties": {"id": 329.0, "left": 307527.85260646814, "top": 7336330.772710353, "right": 308527.85260646814, "bottom": 7335330.772710353, "row_index": 4.0, "col_index": 9.0}, "geometry": {"type": "MultiPolygon", "coordinates": [[[[307527.85260646814, 7336330.772710353], [308527.85260646814, 7336330.772710353], [308527.85260646814, 7335330.772710353], [307527.85260646814, 7335330.772710353], [307527.85260646814, 7336330.772710353]]]]}}, {"type": "Feature", "properties": {"id": 320.0, "left": 306527.85260646814, "top": 7309330.772710353, "right": 307527.85260646814, "bottom": 7308330.772710353, "row_index": 31.0, "col_index": 8.0}, "geometry": {"type": "MultiPolygon", "coordinates": [[[[306527.85260646814, 7309330.772710353], [307527.85260646814, 7309330.772710353], [307527.85260646814, 7308330.772710353], [306527.85260646814, 7308330.772710353], [306527.85260646814, 7309330.772710353]]]]}}, {"type": "Feature", "properties": {"id": 382.0, "left": 308527.85260646814, "top": 7319330.772710353, "right": 309527.85260646814, "bottom": 7318330.772710353, "row_index": 21.0, "col_index": 10.0}, "geometry": {"type": "MultiPolygon", "coordinates": [[[[308527.85260646814, 7319330.772710353], [309527.85260646814, 7319330.772710353], [309527.85260646814, 7318330.772710353], [308527.85260646814, 7318330.772710353], [308527.85260646814, 7319330.772710353]]]]}}, {"type": "Feature", "properties": {"id": 383.0, "left": 308527.85260646814, "top": 7318330.772710353, "right": 309527.85260646814, "bottom": 7317330.772710353, "row_index": 22.0, "col_index": 10.0}, "geometry": {"type": "MultiPolygon", "coordinates": [[[[308527.85260646814, 7318330.772710353], [309527.85260646814, 7318330.772710353], [309527.85260646814, 7317330.772710353], [308527.85260646814, 7317330.772710353], [308527.85260646814, 7318330.772710353]]]]}}, {"type": "Feature", "properties": {"id": 380.0, "left": 308527.85260646814, "top": 7321330.772710353, "right": 309527.85260646814, "bottom": 7320330.772710353, "row_index": 19.0, "col_index": 10.0}, "geometry": {"type": "MultiPolygon", "coordinates": [[[[308527.85260646814, 7321330.772710353], [309527.85260646814, 7321330.772710353], [309527.85260646814, 7320330.772710353], [308527.85260646814, 7320330.772710353], [308527.85260646814, 7321330.772710353]]]]}}, {"type": "Feature", "properties": {"id": 381.0, "left": 308527.85260646814, "top": 7320330.772710353, "right": 309527.85260646814, "bottom": 7319330.772710353, "row_index": 20.0, "col_index": 10.0}, "geometry": {"type": "MultiPolygon", "coordinates": [[[[308527.85260646814, 7320330.772710353], [309527.85260646814, 7320330.772710353], [309527.85260646814, 7319330.772710353], [308527.85260646814, 7319330.772710353], [308527.85260646814, 7320330.772710353]]]]}}, {"type": "Feature", "properties": {"id": 378.0, "left": 308527.85260646814, "top": 7323330.772710353, "right": 309527.85260646814, "bottom": 7322330.772710353, "row_index": 17.0, "col_index": 10.0}, "geometry": {"type": "MultiPolygon", "coordinates": [[[[308527.85260646814, 7323330.772710353], [309527.85260646814, 7323330.772710353], [309527.85260646814, 7322330.772710353], [308527.85260646814, 7322330.772710353], [308527.85260646814, 7323330.772710353]]]]}}, {"type": "Feature", "properties": {"id": 379.0, "left": 308527.85260646814, "top": 7322330.772710353, "right": 309527.85260646814, "bottom": 7321330.772710353, "row_index": 18.0, "col_index": 10.0}, "geometry": {"type": "MultiPolygon", "coordinates": [[[[308527.85260646814, 7322330.772710353], [309527.85260646814, 7322330.772710353], [309527.85260646814, 7321330.772710353], [308527.85260646814, 7321330.772710353], [308527.85260646814, 7322330.772710353]]]]}}, {"type": "Feature", "properties": {"id": 376.0, "left": 308527.85260646814, "top": 7325330.772710353, "right": 309527.85260646814, "bottom": 7324330.772710353, "row_index": 15.0, "col_index": 10.0}, "geometry": {"type": "MultiPolygon", "coordinates": [[[[308527.85260646814, 7325330.772710353], [309527.85260646814, 7325330.772710353], [309527.85260646814, 7324330.772710353], [308527.85260646814, 7324330.772710353], [308527.85260646814, 7325330.772710353]]]]}}, {"type": "Feature", "properties": {"id": 377.0, "left": 308527.85260646814, "top": 7324330.772710353, "right": 309527.85260646814, "bottom": 7323330.772710353, "row_index": 16.0, "col_index": 10.0}, "geometry": {"type": "MultiPolygon", "coordinates": [[[[308527.85260646814, 7324330.772710353], [309527.85260646814, 7324330.772710353], [309527.85260646814, 7323330.772710353], [308527.85260646814, 7323330.772710353], [308527.85260646814, 7324330.772710353]]]]}}, {"type": "Feature", "properties": {"id": 374.0, "left": 308527.85260646814, "top": 7327330.772710353, "right": 309527.85260646814, "bottom": 7326330.772710353, "row_index": 13.0, "col_index": 10.0}, "geometry": {"type": "MultiPolygon", "coordinates": [[[[308527.85260646814, 7327330.772710353], [309527.85260646814, 7327330.772710353], [309527.85260646814, 7326330.772710353], [308527.85260646814, 7326330.772710353], [308527.85260646814, 7327330.772710353]]]]}}, {"type": "Feature", "properties": {"id": 375.0, "left": 308527.85260646814, "top": 7326330.772710353, "right": 309527.85260646814, "bottom": 7325330.772710353, "row_index": 14.0, "col_index": 10.0}, "geometry": {"type": "MultiPolygon", "coordinates": [[[[308527.85260646814, 7326330.772710353], [309527.85260646814, 7326330.772710353], [309527.85260646814, 7325330.772710353], [308527.85260646814, 7325330.772710353], [308527.85260646814, 7326330.772710353]]]]}}, {"type": "Feature", "properties": {"id": 372.0, "left": 308527.85260646814, "top": 7329330.772710353, "right": 309527.85260646814, "bottom": 7328330.772710353, "row_index": 11.0, "col_index": 10.0}, "geometry": {"type": "MultiPolygon", "coordinates": [[[[308527.85260646814, 7329330.772710353], [309527.85260646814, 7329330.772710353], [309527.85260646814, 7328330.772710353], [308527.85260646814, 7328330.772710353], [308527.85260646814, 7329330.772710353]]]]}}, {"type": "Feature", "properties": {"id": 373.0, "left": 308527.85260646814, "top": 7328330.772710353, "right": 309527.85260646814, "bottom": 7327330.772710353, "row_index": 12.0, "col_index": 10.0}, "geometry": {"type": "MultiPolygon", "coordinates": [[[[308527.85260646814, 7328330.772710353], [309527.85260646814, 7328330.772710353], [309527.85260646814, 7327330.772710353], [308527.85260646814, 7327330.772710353], [308527.85260646814, 7328330.772710353]]]]}}, {"type": "Feature", "properties": {"id": 370.0, "left": 308527.85260646814, "top": 7331330.772710353, "right": 309527.85260646814, "bottom": 7330330.772710353, "row_index": 9.0, "col_index": 10.0}, "geometry": {"type": "MultiPolygon", "coordinates": [[[[308527.85260646814, 7331330.772710353], [309527.85260646814, 7331330.772710353], [309527.85260646814, 7330330.772710353], [308527.85260646814, 7330330.772710353], [308527.85260646814, 7331330.772710353]]]]}}, {"type": "Feature", "properties": {"id": 371.0, "left": 308527.85260646814, "top": 7330330.772710353, "right": 309527.85260646814, "bottom": 7329330.772710353, "row_index": 10.0, "col_index": 10.0}, "geometry": {"type": "MultiPolygon", "coordinates": [[[[308527.85260646814, 7330330.772710353], [309527.85260646814, 7330330.772710353], [309527.85260646814, 7329330.772710353], [308527.85260646814, 7329330.772710353], [308527.85260646814, 7330330.772710353]]]]}}, {"type": "Feature", "properties": {"id": 368.0, "left": 308527.85260646814, "top": 7333330.772710353, "right": 309527.85260646814, "bottom": 7332330.772710353, "row_index": 7.0, "col_index": 10.0}, "geometry": {"type": "MultiPolygon", "coordinates": [[[[308527.85260646814, 7333330.772710353], [309527.85260646814, 7333330.772710353], [309527.85260646814, 7332330.772710353], [308527.85260646814, 7332330.772710353], [308527.85260646814, 7333330.772710353]]]]}}, {"type": "Feature", "properties": {"id": 369.0, "left": 308527.85260646814, "top": 7332330.772710353, "right": 309527.85260646814, "bottom": 7331330.772710353, "row_index": 8.0, "col_index": 10.0}, "geometry": {"type": "MultiPolygon", "coordinates": [[[[308527.85260646814, 7332330.772710353], [309527.85260646814, 7332330.772710353], [309527.85260646814, 7331330.772710353], [308527.85260646814, 7331330.772710353], [308527.85260646814, 7332330.772710353]]]]}}, {"type": "Feature", "properties": {"id": 366.0, "left": 308527.85260646814, "top": 7335330.772710353, "right": 309527.85260646814, "bottom": 7334330.772710353, "row_index": 5.0, "col_index": 10.0}, "geometry": {"type": "MultiPolygon", "coordinates": [[[[308527.85260646814, 7335330.772710353], [309527.85260646814, 7335330.772710353], [309527.85260646814, 7334330.772710353], [308527.85260646814, 7334330.772710353], [308527.85260646814, 7335330.772710353]]]]}}, {"type": "Feature", "properties": {"id": 367.0, "left": 308527.85260646814, "top": 7334330.772710353, "right": 309527.85260646814, "bottom": 7333330.772710353, "row_index": 6.0, "col_index": 10.0}, "geometry": {"type": "MultiPolygon", "coordinates": [[[[308527.85260646814, 7334330.772710353], [309527.85260646814, 7334330.772710353], [309527.85260646814, 7333330.772710353], [308527.85260646814, 7333330.772710353], [308527.85260646814, 7334330.772710353]]]]}}, {"type": "Feature", "properties": {"id": 364.0, "left": 308527.85260646814, "top": 7337330.772710353, "right": 309527.85260646814, "bottom": 7336330.772710353, "row_index": 3.0, "col_index": 10.0}, "geometry": {"type": "MultiPolygon", "coordinates": [[[[308527.85260646814, 7337330.772710353], [309527.85260646814, 7337330.772710353], [309527.85260646814, 7336330.772710353], [308527.85260646814, 7336330.772710353], [308527.85260646814, 7337330.772710353]]]]}}, {"type": "Feature", "properties": {"id": 365.0, "left": 308527.85260646814, "top": 7336330.772710353, "right": 309527.85260646814, "bottom": 7335330.772710353, "row_index": 4.0, "col_index": 10.0}, "geometry": {"type": "MultiPolygon", "coordinates": [[[[308527.85260646814, 7336330.772710353], [309527.85260646814, 7336330.772710353], [309527.85260646814, 7335330.772710353], [308527.85260646814, 7335330.772710353], [308527.85260646814, 7336330.772710353]]]]}}, {"type": "Feature", "properties": {"id": 356.0, "left": 307527.85260646814, "top": 7309330.772710353, "right": 308527.85260646814, "bottom": 7308330.772710353, "row_index": 31.0, "col_index": 9.0}, "geometry": {"type": "MultiPolygon", "coordinates": [[[[307527.85260646814, 7309330.772710353], [308527.85260646814, 7309330.772710353], [308527.85260646814, 7308330.772710353], [307527.85260646814, 7308330.772710353], [307527.85260646814, 7309330.772710353]]]]}}, {"type": "Feature", "properties": {"id": 354.0, "left": 307527.85260646814, "top": 7311330.772710353, "right": 308527.85260646814, "bottom": 7310330.772710353, "row_index": 29.0, "col_index": 9.0}, "geometry": {"type": "MultiPolygon", "coordinates": [[[[307527.85260646814, 7311330.772710353], [308527.85260646814, 7311330.772710353], [308527.85260646814, 7310330.772710353], [307527.85260646814, 7310330.772710353], [307527.85260646814, 7311330.772710353]]]]}}, {"type": "Feature", "properties": {"id": 355.0, "left": 307527.85260646814, "top": 7310330.772710353, "right": 308527.85260646814, "bottom": 7309330.772710353, "row_index": 30.0, "col_index": 9.0}, "geometry": {"type": "MultiPolygon", "coordinates": [[[[307527.85260646814, 7310330.772710353], [308527.85260646814, 7310330.772710353], [308527.85260646814, 7309330.772710353], [307527.85260646814, 7309330.772710353], [307527.85260646814, 7310330.772710353]]]]}}, {"type": "Feature", "properties": {"id": 352.0, "left": 307527.85260646814, "top": 7313330.772710353, "right": 308527.85260646814, "bottom": 7312330.772710353, "row_index": 27.0, "col_index": 9.0}, "geometry": {"type": "MultiPolygon", "coordinates": [[[[307527.85260646814, 7313330.772710353], [308527.85260646814, 7313330.772710353], [308527.85260646814, 7312330.772710353], [307527.85260646814, 7312330.772710353], [307527.85260646814, 7313330.772710353]]]]}}, {"type": "Feature", "properties": {"id": 353.0, "left": 307527.85260646814, "top": 7312330.772710353, "right": 308527.85260646814, "bottom": 7311330.772710353, "row_index": 28.0, "col_index": 9.0}, "geometry": {"type": "MultiPolygon", "coordinates": [[[[307527.85260646814, 7312330.772710353], [308527.85260646814, 7312330.772710353], [308527.85260646814, 7311330.772710353], [307527.85260646814, 7311330.772710353], [307527.85260646814, 7312330.772710353]]]]}}, {"type": "Feature", "properties": {"id": 284.0, "left": 305527.85260646814, "top": 7309330.772710353, "right": 306527.85260646814, "bottom": 7308330.772710353, "row_index": 31.0, "col_index": 7.0}, "geometry": {"type": "MultiPolygon", "coordinates": [[[[305527.85260646814, 7309330.772710353], [306527.85260646814, 7309330.772710353], [306527.85260646814, 7308330.772710353], [305527.85260646814, 7308330.772710353], [305527.85260646814, 7309330.772710353]]]]}}, {"type": "Feature", "properties": {"id": 282.0, "left": 305527.85260646814, "top": 7311330.772710353, "right": 306527.85260646814, "bottom": 7310330.772710353, "row_index": 29.0, "col_index": 7.0}, "geometry": {"type": "MultiPolygon", "coordinates": [[[[305527.85260646814, 7311330.772710353], [306527.85260646814, 7311330.772710353], [306527.85260646814, 7310330.772710353], [305527.85260646814, 7310330.772710353], [305527.85260646814, 7311330.772710353]]]]}}, {"type": "Feature", "properties": {"id": 283.0, "left": 305527.85260646814, "top": 7310330.772710353, "right": 306527.85260646814, "bottom": 7309330.772710353, "row_index": 30.0, "col_index": 7.0}, "geometry": {"type": "MultiPolygon", "coordinates": [[[[305527.85260646814, 7310330.772710353], [306527.85260646814, 7310330.772710353], [306527.85260646814, 7309330.772710353], [305527.85260646814, 7309330.772710353], [305527.85260646814, 7310330.772710353]]]]}}, {"type": "Feature", "properties": {"id": 280.0, "left": 305527.85260646814, "top": 7313330.772710353, "right": 306527.85260646814, "bottom": 7312330.772710353, "row_index": 27.0, "col_index": 7.0}, "geometry": {"type": "MultiPolygon", "coordinates": [[[[305527.85260646814, 7313330.772710353], [306527.85260646814, 7313330.772710353], [306527.85260646814, 7312330.772710353], [305527.85260646814, 7312330.772710353], [305527.85260646814, 7313330.772710353]]]]}}, {"type": "Feature", "properties": {"id": 281.0, "left": 305527.85260646814, "top": 7312330.772710353, "right": 306527.85260646814, "bottom": 7311330.772710353, "row_index": 28.0, "col_index": 7.0}, "geometry": {"type": "MultiPolygon", "coordinates": [[[[305527.85260646814, 7312330.772710353], [306527.85260646814, 7312330.772710353], [306527.85260646814, 7311330.772710353], [305527.85260646814, 7311330.772710353], [305527.85260646814, 7312330.772710353]]]]}}, {"type": "Feature", "properties": {"id": 278.0, "left": 305527.85260646814, "top": 7315330.772710353, "right": 306527.85260646814, "bottom": 7314330.772710353, "row_index": 25.0, "col_index": 7.0}, "geometry": {"type": "MultiPolygon", "coordinates": [[[[305527.85260646814, 7315330.772710353], [306527.85260646814, 7315330.772710353], [306527.85260646814, 7314330.772710353], [305527.85260646814, 7314330.772710353], [305527.85260646814, 7315330.772710353]]]]}}, {"type": "Feature", "properties": {"id": 279.0, "left": 305527.85260646814, "top": 7314330.772710353, "right": 306527.85260646814, "bottom": 7313330.772710353, "row_index": 26.0, "col_index": 7.0}, "geometry": {"type": "MultiPolygon", "coordinates": [[[[305527.85260646814, 7314330.772710353], [306527.85260646814, 7314330.772710353], [306527.85260646814, 7313330.772710353], [305527.85260646814, 7313330.772710353], [305527.85260646814, 7314330.772710353]]]]}}, {"type": "Feature", "properties": {"id": 276.0, "left": 305527.85260646814, "top": 7317330.772710353, "right": 306527.85260646814, "bottom": 7316330.772710353, "row_index": 23.0, "col_index": 7.0}, "geometry": {"type": "MultiPolygon", "coordinates": [[[[305527.85260646814, 7317330.772710353], [306527.85260646814, 7317330.772710353], [306527.85260646814, 7316330.772710353], [305527.85260646814, 7316330.772710353], [305527.85260646814, 7317330.772710353]]]]}}, {"type": "Feature", "properties": {"id": 277.0, "left": 305527.85260646814, "top": 7316330.772710353, "right": 306527.85260646814, "bottom": 7315330.772710353, "row_index": 24.0, "col_index": 7.0}, "geometry": {"type": "MultiPolygon", "coordinates": [[[[305527.85260646814, 7316330.772710353], [306527.85260646814, 7316330.772710353], [306527.85260646814, 7315330.772710353], [305527.85260646814, 7315330.772710353], [305527.85260646814, 7316330.772710353]]]]}}, {"type": "Feature", "properties": {"id": 274.0, "left": 305527.85260646814, "top": 7319330.772710353, "right": 306527.85260646814, "bottom": 7318330.772710353, "row_index": 21.0, "col_index": 7.0}, "geometry": {"type": "MultiPolygon", "coordinates": [[[[305527.85260646814, 7319330.772710353], [306527.85260646814, 7319330.772710353], [306527.85260646814, 7318330.772710353], [305527.85260646814, 7318330.772710353], [305527.85260646814, 7319330.772710353]]]]}}, {"type": "Feature", "properties": {"id": 275.0, "left": 305527.85260646814, "top": 7318330.772710353, "right": 306527.85260646814, "bottom": 7317330.772710353, "row_index": 22.0, "col_index": 7.0}, "geometry": {"type": "MultiPolygon", "coordinates": [[[[305527.85260646814, 7318330.772710353], [306527.85260646814, 7318330.772710353], [306527.85260646814, 7317330.772710353], [305527.85260646814, 7317330.772710353], [305527.85260646814, 7318330.772710353]]]]}}, {"type": "Feature", "properties": {"id": 272.0, "left": 305527.85260646814, "top": 7321330.772710353, "right": 306527.85260646814, "bottom": 7320330.772710353, "row_index": 19.0, "col_index": 7.0}, "geometry": {"type": "MultiPolygon", "coordinates": [[[[305527.85260646814, 7321330.772710353], [306527.85260646814, 7321330.772710353], [306527.85260646814, 7320330.772710353], [305527.85260646814, 7320330.772710353], [305527.85260646814, 7321330.772710353]]]]}}, {"type": "Feature", "properties": {"id": 273.0, "left": 305527.85260646814, "top": 7320330.772710353, "right": 306527.85260646814, "bottom": 7319330.772710353, "row_index": 20.0, "col_index": 7.0}, "geometry": {"type": "MultiPolygon", "coordinates": [[[[305527.85260646814, 7320330.772710353], [306527.85260646814, 7320330.772710353], [306527.85260646814, 7319330.772710353], [305527.85260646814, 7319330.772710353], [305527.85260646814, 7320330.772710353]]]]}}, {"type": "Feature", "properties": {"id": 270.0, "left": 305527.85260646814, "top": 7323330.772710353, "right": 306527.85260646814, "bottom": 7322330.772710353, "row_index": 17.0, "col_index": 7.0}, "geometry": {"type": "MultiPolygon", "coordinates": [[[[305527.85260646814, 7323330.772710353], [306527.85260646814, 7323330.772710353], [306527.85260646814, 7322330.772710353], [305527.85260646814, 7322330.772710353], [305527.85260646814, 7323330.772710353]]]]}}, {"type": "Feature", "properties": {"id": 271.0, "left": 305527.85260646814, "top": 7322330.772710353, "right": 306527.85260646814, "bottom": 7321330.772710353, "row_index": 18.0, "col_index": 7.0}, "geometry": {"type": "MultiPolygon", "coordinates": [[[[305527.85260646814, 7322330.772710353], [306527.85260646814, 7322330.772710353], [306527.85260646814, 7321330.772710353], [305527.85260646814, 7321330.772710353], [305527.85260646814, 7322330.772710353]]]]}}, {"type": "Feature", "properties": {"id": 268.0, "left": 305527.85260646814, "top": 7325330.772710353, "right": 306527.85260646814, "bottom": 7324330.772710353, "row_index": 15.0, "col_index": 7.0}, "geometry": {"type": "MultiPolygon", "coordinates": [[[[305527.85260646814, 7325330.772710353], [306527.85260646814, 7325330.772710353], [306527.85260646814, 7324330.772710353], [305527.85260646814, 7324330.772710353], [305527.85260646814, 7325330.772710353]]]]}}, {"type": "Feature", "properties": {"id": 269.0, "left": 305527.85260646814, "top": 7324330.772710353, "right": 306527.85260646814, "bottom": 7323330.772710353, "row_index": 16.0, "col_index": 7.0}, "geometry": {"type": "MultiPolygon", "coordinates": [[[[305527.85260646814, 7324330.772710353], [306527.85260646814, 7324330.772710353], [306527.85260646814, 7323330.772710353], [305527.85260646814, 7323330.772710353], [305527.85260646814, 7324330.772710353]]]]}}, {"type": "Feature", "properties": {"id": 266.0, "left": 305527.85260646814, "top": 7327330.772710353, "right": 306527.85260646814, "bottom": 7326330.772710353, "row_index": 13.0, "col_index": 7.0}, "geometry": {"type": "MultiPolygon", "coordinates": [[[[305527.85260646814, 7327330.772710353], [306527.85260646814, 7327330.772710353], [306527.85260646814, 7326330.772710353], [305527.85260646814, 7326330.772710353], [305527.85260646814, 7327330.772710353]]]]}}, {"type": "Feature", "properties": {"id": 267.0, "left": 305527.85260646814, "top": 7326330.772710353, "right": 306527.85260646814, "bottom": 7325330.772710353, "row_index": 14.0, "col_index": 7.0}, "geometry": {"type": "MultiPolygon", "coordinates": [[[[305527.85260646814, 7326330.772710353], [306527.85260646814, 7326330.772710353], [306527.85260646814, 7325330.772710353], [305527.85260646814, 7325330.772710353], [305527.85260646814, 7326330.772710353]]]]}}, {"type": "Feature", "properties": {"id": 265.0, "left": 305527.85260646814, "top": 7328330.772710353, "right": 306527.85260646814, "bottom": 7327330.772710353, "row_index": 12.0, "col_index": 7.0}, "geometry": {"type": "MultiPolygon", "coordinates": [[[[305527.85260646814, 7328330.772710353], [306527.85260646814, 7328330.772710353], [306527.85260646814, 7327330.772710353], [305527.85260646814, 7327330.772710353], [305527.85260646814, 7328330.772710353]]]]}}, {"type": "Feature", "properties": {"id": 261.0, "left": 305527.85260646814, "top": 7332330.772710353, "right": 306527.85260646814, "bottom": 7331330.772710353, "row_index": 8.0, "col_index": 7.0}, "geometry": {"type": "MultiPolygon", "coordinates": [[[[305527.85260646814, 7332330.772710353], [306527.85260646814, 7332330.772710353], [306527.85260646814, 7331330.772710353], [305527.85260646814, 7331330.772710353], [305527.85260646814, 7332330.772710353]]]]}}, {"type": "Feature", "properties": {"id": 318.0, "left": 306527.85260646814, "top": 7311330.772710353, "right": 307527.85260646814, "bottom": 7310330.772710353, "row_index": 29.0, "col_index": 8.0}, "geometry": {"type": "MultiPolygon", "coordinates": [[[[306527.85260646814, 7311330.772710353], [307527.85260646814, 7311330.772710353], [307527.85260646814, 7310330.772710353], [306527.85260646814, 7310330.772710353], [306527.85260646814, 7311330.772710353]]]]}}, {"type": "Feature", "properties": {"id": 319.0, "left": 306527.85260646814, "top": 7310330.772710353, "right": 307527.85260646814, "bottom": 7309330.772710353, "row_index": 30.0, "col_index": 8.0}, "geometry": {"type": "MultiPolygon", "coordinates": [[[[306527.85260646814, 7310330.772710353], [307527.85260646814, 7310330.772710353], [307527.85260646814, 7309330.772710353], [306527.85260646814, 7309330.772710353], [306527.85260646814, 7310330.772710353]]]]}}, {"type": "Feature", "properties": {"id": 316.0, "left": 306527.85260646814, "top": 7313330.772710353, "right": 307527.85260646814, "bottom": 7312330.772710353, "row_index": 27.0, "col_index": 8.0}, "geometry": {"type": "MultiPolygon", "coordinates": [[[[306527.85260646814, 7313330.772710353], [307527.85260646814, 7313330.772710353], [307527.85260646814, 7312330.772710353], [306527.85260646814, 7312330.772710353], [306527.85260646814, 7313330.772710353]]]]}}, {"type": "Feature", "properties": {"id": 317.0, "left": 306527.85260646814, "top": 7312330.772710353, "right": 307527.85260646814, "bottom": 7311330.772710353, "row_index": 28.0, "col_index": 8.0}, "geometry": {"type": "MultiPolygon", "coordinates": [[[[306527.85260646814, 7312330.772710353], [307527.85260646814, 7312330.772710353], [307527.85260646814, 7311330.772710353], [306527.85260646814, 7311330.772710353], [306527.85260646814, 7312330.772710353]]]]}}, {"type": "Feature", "properties": {"id": 314.0, "left": 306527.85260646814, "top": 7315330.772710353, "right": 307527.85260646814, "bottom": 7314330.772710353, "row_index": 25.0, "col_index": 8.0}, "geometry": {"type": "MultiPolygon", "coordinates": [[[[306527.85260646814, 7315330.772710353], [307527.85260646814, 7315330.772710353], [307527.85260646814, 7314330.772710353], [306527.85260646814, 7314330.772710353], [306527.85260646814, 7315330.772710353]]]]}}, {"type": "Feature", "properties": {"id": 315.0, "left": 306527.85260646814, "top": 7314330.772710353, "right": 307527.85260646814, "bottom": 7313330.772710353, "row_index": 26.0, "col_index": 8.0}, "geometry": {"type": "MultiPolygon", "coordinates": [[[[306527.85260646814, 7314330.772710353], [307527.85260646814, 7314330.772710353], [307527.85260646814, 7313330.772710353], [306527.85260646814, 7313330.772710353], [306527.85260646814, 7314330.772710353]]]]}}, {"type": "Feature", "properties": {"id": 312.0, "left": 306527.85260646814, "top": 7317330.772710353, "right": 307527.85260646814, "bottom": 7316330.772710353, "row_index": 23.0, "col_index": 8.0}, "geometry": {"type": "MultiPolygon", "coordinates": [[[[306527.85260646814, 7317330.772710353], [307527.85260646814, 7317330.772710353], [307527.85260646814, 7316330.772710353], [306527.85260646814, 7316330.772710353], [306527.85260646814, 7317330.772710353]]]]}}, {"type": "Feature", "properties": {"id": 313.0, "left": 306527.85260646814, "top": 7316330.772710353, "right": 307527.85260646814, "bottom": 7315330.772710353, "row_index": 24.0, "col_index": 8.0}, "geometry": {"type": "MultiPolygon", "coordinates": [[[[306527.85260646814, 7316330.772710353], [307527.85260646814, 7316330.772710353], [307527.85260646814, 7315330.772710353], [306527.85260646814, 7315330.772710353], [306527.85260646814, 7316330.772710353]]]]}}, {"type": "Feature", "properties": {"id": 310.0, "left": 306527.85260646814, "top": 7319330.772710353, "right": 307527.85260646814, "bottom": 7318330.772710353, "row_index": 21.0, "col_index": 8.0}, "geometry": {"type": "MultiPolygon", "coordinates": [[[[306527.85260646814, 7319330.772710353], [307527.85260646814, 7319330.772710353], [307527.85260646814, 7318330.772710353], [306527.85260646814, 7318330.772710353], [306527.85260646814, 7319330.772710353]]]]}}, {"type": "Feature", "properties": {"id": 311.0, "left": 306527.85260646814, "top": 7318330.772710353, "right": 307527.85260646814, "bottom": 7317330.772710353, "row_index": 22.0, "col_index": 8.0}, "geometry": {"type": "MultiPolygon", "coordinates": [[[[306527.85260646814, 7318330.772710353], [307527.85260646814, 7318330.772710353], [307527.85260646814, 7317330.772710353], [306527.85260646814, 7317330.772710353], [306527.85260646814, 7318330.772710353]]]]}}, {"type": "Feature", "properties": {"id": 308.0, "left": 306527.85260646814, "top": 7321330.772710353, "right": 307527.85260646814, "bottom": 7320330.772710353, "row_index": 19.0, "col_index": 8.0}, "geometry": {"type": "MultiPolygon", "coordinates": [[[[306527.85260646814, 7321330.772710353], [307527.85260646814, 7321330.772710353], [307527.85260646814, 7320330.772710353], [306527.85260646814, 7320330.772710353], [306527.85260646814, 7321330.772710353]]]]}}, {"type": "Feature", "properties": {"id": 309.0, "left": 306527.85260646814, "top": 7320330.772710353, "right": 307527.85260646814, "bottom": 7319330.772710353, "row_index": 20.0, "col_index": 8.0}, "geometry": {"type": "MultiPolygon", "coordinates": [[[[306527.85260646814, 7320330.772710353], [307527.85260646814, 7320330.772710353], [307527.85260646814, 7319330.772710353], [306527.85260646814, 7319330.772710353], [306527.85260646814, 7320330.772710353]]]]}}, {"type": "Feature", "properties": {"id": 306.0, "left": 306527.85260646814, "top": 7323330.772710353, "right": 307527.85260646814, "bottom": 7322330.772710353, "row_index": 17.0, "col_index": 8.0}, "geometry": {"type": "MultiPolygon", "coordinates": [[[[306527.85260646814, 7323330.772710353], [307527.85260646814, 7323330.772710353], [307527.85260646814, 7322330.772710353], [306527.85260646814, 7322330.772710353], [306527.85260646814, 7323330.772710353]]]]}}, {"type": "Feature", "properties": {"id": 307.0, "left": 306527.85260646814, "top": 7322330.772710353, "right": 307527.85260646814, "bottom": 7321330.772710353, "row_index": 18.0, "col_index": 8.0}, "geometry": {"type": "MultiPolygon", "coordinates": [[[[306527.85260646814, 7322330.772710353], [307527.85260646814, 7322330.772710353], [307527.85260646814, 7321330.772710353], [306527.85260646814, 7321330.772710353], [306527.85260646814, 7322330.772710353]]]]}}, {"type": "Feature", "properties": {"id": 304.0, "left": 306527.85260646814, "top": 7325330.772710353, "right": 307527.85260646814, "bottom": 7324330.772710353, "row_index": 15.0, "col_index": 8.0}, "geometry": {"type": "MultiPolygon", "coordinates": [[[[306527.85260646814, 7325330.772710353], [307527.85260646814, 7325330.772710353], [307527.85260646814, 7324330.772710353], [306527.85260646814, 7324330.772710353], [306527.85260646814, 7325330.772710353]]]]}}, {"type": "Feature", "properties": {"id": 305.0, "left": 306527.85260646814, "top": 7324330.772710353, "right": 307527.85260646814, "bottom": 7323330.772710353, "row_index": 16.0, "col_index": 8.0}, "geometry": {"type": "MultiPolygon", "coordinates": [[[[306527.85260646814, 7324330.772710353], [307527.85260646814, 7324330.772710353], [307527.85260646814, 7323330.772710353], [306527.85260646814, 7323330.772710353], [306527.85260646814, 7324330.772710353]]]]}}, {"type": "Feature", "properties": {"id": 302.0, "left": 306527.85260646814, "top": 7327330.772710353, "right": 307527.85260646814, "bottom": 7326330.772710353, "row_index": 13.0, "col_index": 8.0}, "geometry": {"type": "MultiPolygon", "coordinates": [[[[306527.85260646814, 7327330.772710353], [307527.85260646814, 7327330.772710353], [307527.85260646814, 7326330.772710353], [306527.85260646814, 7326330.772710353], [306527.85260646814, 7327330.772710353]]]]}}, {"type": "Feature", "properties": {"id": 303.0, "left": 306527.85260646814, "top": 7326330.772710353, "right": 307527.85260646814, "bottom": 7325330.772710353, "row_index": 14.0, "col_index": 8.0}, "geometry": {"type": "MultiPolygon", "coordinates": [[[[306527.85260646814, 7326330.772710353], [307527.85260646814, 7326330.772710353], [307527.85260646814, 7325330.772710353], [306527.85260646814, 7325330.772710353], [306527.85260646814, 7326330.772710353]]]]}}, {"type": "Feature", "properties": {"id": 300.0, "left": 306527.85260646814, "top": 7329330.772710353, "right": 307527.85260646814, "bottom": 7328330.772710353, "row_index": 11.0, "col_index": 8.0}, "geometry": {"type": "MultiPolygon", "coordinates": [[[[306527.85260646814, 7329330.772710353], [307527.85260646814, 7329330.772710353], [307527.85260646814, 7328330.772710353], [306527.85260646814, 7328330.772710353], [306527.85260646814, 7329330.772710353]]]]}}, {"type": "Feature", "properties": {"id": 301.0, "left": 306527.85260646814, "top": 7328330.772710353, "right": 307527.85260646814, "bottom": 7327330.772710353, "row_index": 12.0, "col_index": 8.0}, "geometry": {"type": "MultiPolygon", "coordinates": [[[[306527.85260646814, 7328330.772710353], [307527.85260646814, 7328330.772710353], [307527.85260646814, 7327330.772710353], [306527.85260646814, 7327330.772710353], [306527.85260646814, 7328330.772710353]]]]}}, {"type": "Feature", "properties": {"id": 298.0, "left": 306527.85260646814, "top": 7331330.772710353, "right": 307527.85260646814, "bottom": 7330330.772710353, "row_index": 9.0, "col_index": 8.0}, "geometry": {"type": "MultiPolygon", "coordinates": [[[[306527.85260646814, 7331330.772710353], [307527.85260646814, 7331330.772710353], [307527.85260646814, 7330330.772710353], [306527.85260646814, 7330330.772710353], [306527.85260646814, 7331330.772710353]]]]}}, {"type": "Feature", "properties": {"id": 299.0, "left": 306527.85260646814, "top": 7330330.772710353, "right": 307527.85260646814, "bottom": 7329330.772710353, "row_index": 10.0, "col_index": 8.0}, "geometry": {"type": "MultiPolygon", "coordinates": [[[[306527.85260646814, 7330330.772710353], [307527.85260646814, 7330330.772710353], [307527.85260646814, 7329330.772710353], [306527.85260646814, 7329330.772710353], [306527.85260646814, 7330330.772710353]]]]}}, {"type": "Feature", "properties": {"id": 297.0, "left": 306527.85260646814, "top": 7332330.772710353, "right": 307527.85260646814, "bottom": 7331330.772710353, "row_index": 8.0, "col_index": 8.0}, "geometry": {"type": "MultiPolygon", "coordinates": [[[[306527.85260646814, 7332330.772710353], [307527.85260646814, 7332330.772710353], [307527.85260646814, 7331330.772710353], [306527.85260646814, 7331330.772710353], [306527.85260646814, 7332330.772710353]]]]}}, {"type": "Feature", "properties": {"id": 478.0, "left": 311527.85260646814, "top": 7331330.772710353, "right": 312527.85260646814, "bottom": 7330330.772710353, "row_index": 9.0, "col_index": 13.0}, "geometry": {"type": "MultiPolygon", "coordinates": [[[[311527.85260646814, 7331330.772710353], [312527.85260646814, 7331330.772710353], [312527.85260646814, 7330330.772710353], [311527.85260646814, 7330330.772710353], [311527.85260646814, 7331330.772710353]]]]}}, {"type": "Feature", "properties": {"id": 479.0, "left": 311527.85260646814, "top": 7330330.772710353, "right": 312527.85260646814, "bottom": 7329330.772710353, "row_index": 10.0, "col_index": 13.0}, "geometry": {"type": "MultiPolygon", "coordinates": [[[[311527.85260646814, 7330330.772710353], [312527.85260646814, 7330330.772710353], [312527.85260646814, 7329330.772710353], [311527.85260646814, 7329330.772710353], [311527.85260646814, 7330330.772710353]]]]}}, {"type": "Feature", "properties": {"id": 476.0, "left": 311527.85260646814, "top": 7333330.772710353, "right": 312527.85260646814, "bottom": 7332330.772710353, "row_index": 7.0, "col_index": 13.0}, "geometry": {"type": "MultiPolygon", "coordinates": [[[[311527.85260646814, 7333330.772710353], [312527.85260646814, 7333330.772710353], [312527.85260646814, 7332330.772710353], [311527.85260646814, 7332330.772710353], [311527.85260646814, 7333330.772710353]]]]}}, {"type": "Feature", "properties": {"id": 477.0, "left": 311527.85260646814, "top": 7332330.772710353, "right": 312527.85260646814, "bottom": 7331330.772710353, "row_index": 8.0, "col_index": 13.0}, "geometry": {"type": "MultiPolygon", "coordinates": [[[[311527.85260646814, 7332330.772710353], [312527.85260646814, 7332330.772710353], [312527.85260646814, 7331330.772710353], [311527.85260646814, 7331330.772710353], [311527.85260646814, 7332330.772710353]]]]}}, {"type": "Feature", "properties": {"id": 474.0, "left": 311527.85260646814, "top": 7335330.772710353, "right": 312527.85260646814, "bottom": 7334330.772710353, "row_index": 5.0, "col_index": 13.0}, "geometry": {"type": "MultiPolygon", "coordinates": [[[[311527.85260646814, 7335330.772710353], [312527.85260646814, 7335330.772710353], [312527.85260646814, 7334330.772710353], [311527.85260646814, 7334330.772710353], [311527.85260646814, 7335330.772710353]]]]}}, {"type": "Feature", "properties": {"id": 475.0, "left": 311527.85260646814, "top": 7334330.772710353, "right": 312527.85260646814, "bottom": 7333330.772710353, "row_index": 6.0, "col_index": 13.0}, "geometry": {"type": "MultiPolygon", "coordinates": [[[[311527.85260646814, 7334330.772710353], [312527.85260646814, 7334330.772710353], [312527.85260646814, 7333330.772710353], [311527.85260646814, 7333330.772710353], [311527.85260646814, 7334330.772710353]]]]}}, {"type": "Feature", "properties": {"id": 472.0, "left": 311527.85260646814, "top": 7337330.772710353, "right": 312527.85260646814, "bottom": 7336330.772710353, "row_index": 3.0, "col_index": 13.0}, "geometry": {"type": "MultiPolygon", "coordinates": [[[[311527.85260646814, 7337330.772710353], [312527.85260646814, 7337330.772710353], [312527.85260646814, 7336330.772710353], [311527.85260646814, 7336330.772710353], [311527.85260646814, 7337330.772710353]]]]}}, {"type": "Feature", "properties": {"id": 473.0, "left": 311527.85260646814, "top": 7336330.772710353, "right": 312527.85260646814, "bottom": 7335330.772710353, "row_index": 4.0, "col_index": 13.0}, "geometry": {"type": "MultiPolygon", "coordinates": [[[[311527.85260646814, 7336330.772710353], [312527.85260646814, 7336330.772710353], [312527.85260646814, 7335330.772710353], [311527.85260646814, 7335330.772710353], [311527.85260646814, 7336330.772710353]]]]}}, {"type": "Feature", "properties": {"id": 471.0, "left": 311527.85260646814, "top": 7338330.772710353, "right": 312527.85260646814, "bottom": 7337330.772710353, "row_index": 2.0, "col_index": 13.0}, "geometry": {"type": "MultiPolygon", "coordinates": [[[[311527.85260646814, 7338330.772710353], [312527.85260646814, 7338330.772710353], [312527.85260646814, 7337330.772710353], [311527.85260646814, 7337330.772710353], [311527.85260646814, 7338330.772710353]]]]}}, {"type": "Feature", "properties": {"id": 464.0, "left": 310527.85260646814, "top": 7309330.772710353, "right": 311527.85260646814, "bottom": 7308330.772710353, "row_index": 31.0, "col_index": 12.0}, "geometry": {"type": "MultiPolygon", "coordinates": [[[[310527.85260646814, 7309330.772710353], [311527.85260646814, 7309330.772710353], [311527.85260646814, 7308330.772710353], [310527.85260646814, 7308330.772710353], [310527.85260646814, 7309330.772710353]]]]}}, {"type": "Feature", "properties": {"id": 462.0, "left": 310527.85260646814, "top": 7311330.772710353, "right": 311527.85260646814, "bottom": 7310330.772710353, "row_index": 29.0, "col_index": 12.0}, "geometry": {"type": "MultiPolygon", "coordinates": [[[[310527.85260646814, 7311330.772710353], [311527.85260646814, 7311330.772710353], [311527.85260646814, 7310330.772710353], [310527.85260646814, 7310330.772710353], [310527.85260646814, 7311330.772710353]]]]}}, {"type": "Feature", "properties": {"id": 463.0, "left": 310527.85260646814, "top": 7310330.772710353, "right": 311527.85260646814, "bottom": 7309330.772710353, "row_index": 30.0, "col_index": 12.0}, "geometry": {"type": "MultiPolygon", "coordinates": [[[[310527.85260646814, 7310330.772710353], [311527.85260646814, 7310330.772710353], [311527.85260646814, 7309330.772710353], [310527.85260646814, 7309330.772710353], [310527.85260646814, 7310330.772710353]]]]}}, {"type": "Feature", "properties": {"id": 460.0, "left": 310527.85260646814, "top": 7313330.772710353, "right": 311527.85260646814, "bottom": 7312330.772710353, "row_index": 27.0, "col_index": 12.0}, "geometry": {"type": "MultiPolygon", "coordinates": [[[[310527.85260646814, 7313330.772710353], [311527.85260646814, 7313330.772710353], [311527.85260646814, 7312330.772710353], [310527.85260646814, 7312330.772710353], [310527.85260646814, 7313330.772710353]]]]}}, {"type": "Feature", "properties": {"id": 461.0, "left": 310527.85260646814, "top": 7312330.772710353, "right": 311527.85260646814, "bottom": 7311330.772710353, "row_index": 28.0, "col_index": 12.0}, "geometry": {"type": "MultiPolygon", "coordinates": [[[[310527.85260646814, 7312330.772710353], [311527.85260646814, 7312330.772710353], [311527.85260646814, 7311330.772710353], [310527.85260646814, 7311330.772710353], [310527.85260646814, 7312330.772710353]]]]}}, {"type": "Feature", "properties": {"id": 458.0, "left": 310527.85260646814, "top": 7315330.772710353, "right": 311527.85260646814, "bottom": 7314330.772710353, "row_index": 25.0, "col_index": 12.0}, "geometry": {"type": "MultiPolygon", "coordinates": [[[[310527.85260646814, 7315330.772710353], [311527.85260646814, 7315330.772710353], [311527.85260646814, 7314330.772710353], [310527.85260646814, 7314330.772710353], [310527.85260646814, 7315330.772710353]]]]}}, {"type": "Feature", "properties": {"id": 459.0, "left": 310527.85260646814, "top": 7314330.772710353, "right": 311527.85260646814, "bottom": 7313330.772710353, "row_index": 26.0, "col_index": 12.0}, "geometry": {"type": "MultiPolygon", "coordinates": [[[[310527.85260646814, 7314330.772710353], [311527.85260646814, 7314330.772710353], [311527.85260646814, 7313330.772710353], [310527.85260646814, 7313330.772710353], [310527.85260646814, 7314330.772710353]]]]}}, {"type": "Feature", "properties": {"id": 456.0, "left": 310527.85260646814, "top": 7317330.772710353, "right": 311527.85260646814, "bottom": 7316330.772710353, "row_index": 23.0, "col_index": 12.0}, "geometry": {"type": "MultiPolygon", "coordinates": [[[[310527.85260646814, 7317330.772710353], [311527.85260646814, 7317330.772710353], [311527.85260646814, 7316330.772710353], [310527.85260646814, 7316330.772710353], [310527.85260646814, 7317330.772710353]]]]}}, {"type": "Feature", "properties": {"id": 457.0, "left": 310527.85260646814, "top": 7316330.772710353, "right": 311527.85260646814, "bottom": 7315330.772710353, "row_index": 24.0, "col_index": 12.0}, "geometry": {"type": "MultiPolygon", "coordinates": [[[[310527.85260646814, 7316330.772710353], [311527.85260646814, 7316330.772710353], [311527.85260646814, 7315330.772710353], [310527.85260646814, 7315330.772710353], [310527.85260646814, 7316330.772710353]]]]}}, {"type": "Feature", "properties": {"id": 454.0, "left": 310527.85260646814, "top": 7319330.772710353, "right": 311527.85260646814, "bottom": 7318330.772710353, "row_index": 21.0, "col_index": 12.0}, "geometry": {"type": "MultiPolygon", "coordinates": [[[[310527.85260646814, 7319330.772710353], [311527.85260646814, 7319330.772710353], [311527.85260646814, 7318330.772710353], [310527.85260646814, 7318330.772710353], [310527.85260646814, 7319330.772710353]]]]}}, {"type": "Feature", "properties": {"id": 455.0, "left": 310527.85260646814, "top": 7318330.772710353, "right": 311527.85260646814, "bottom": 7317330.772710353, "row_index": 22.0, "col_index": 12.0}, "geometry": {"type": "MultiPolygon", "coordinates": [[[[310527.85260646814, 7318330.772710353], [311527.85260646814, 7318330.772710353], [311527.85260646814, 7317330.772710353], [310527.85260646814, 7317330.772710353], [310527.85260646814, 7318330.772710353]]]]}}, {"type": "Feature", "properties": {"id": 452.0, "left": 310527.85260646814, "top": 7321330.772710353, "right": 311527.85260646814, "bottom": 7320330.772710353, "row_index": 19.0, "col_index": 12.0}, "geometry": {"type": "MultiPolygon", "coordinates": [[[[310527.85260646814, 7321330.772710353], [311527.85260646814, 7321330.772710353], [311527.85260646814, 7320330.772710353], [310527.85260646814, 7320330.772710353], [310527.85260646814, 7321330.772710353]]]]}}, {"type": "Feature", "properties": {"id": 453.0, "left": 310527.85260646814, "top": 7320330.772710353, "right": 311527.85260646814, "bottom": 7319330.772710353, "row_index": 20.0, "col_index": 12.0}, "geometry": {"type": "MultiPolygon", "coordinates": [[[[310527.85260646814, 7320330.772710353], [311527.85260646814, 7320330.772710353], [311527.85260646814, 7319330.772710353], [310527.85260646814, 7319330.772710353], [310527.85260646814, 7320330.772710353]]]]}}, {"type": "Feature", "properties": {"id": 450.0, "left": 310527.85260646814, "top": 7323330.772710353, "right": 311527.85260646814, "bottom": 7322330.772710353, "row_index": 17.0, "col_index": 12.0}, "geometry": {"type": "MultiPolygon", "coordinates": [[[[310527.85260646814, 7323330.772710353], [311527.85260646814, 7323330.772710353], [311527.85260646814, 7322330.772710353], [310527.85260646814, 7322330.772710353], [310527.85260646814, 7323330.772710353]]]]}}, {"type": "Feature", "properties": {"id": 451.0, "left": 310527.85260646814, "top": 7322330.772710353, "right": 311527.85260646814, "bottom": 7321330.772710353, "row_index": 18.0, "col_index": 12.0}, "geometry": {"type": "MultiPolygon", "coordinates": [[[[310527.85260646814, 7322330.772710353], [311527.85260646814, 7322330.772710353], [311527.85260646814, 7321330.772710353], [310527.85260646814, 7321330.772710353], [310527.85260646814, 7322330.772710353]]]]}}, {"type": "Feature", "properties": {"id": 448.0, "left": 310527.85260646814, "top": 7325330.772710353, "right": 311527.85260646814, "bottom": 7324330.772710353, "row_index": 15.0, "col_index": 12.0}, "geometry": {"type": "MultiPolygon", "coordinates": [[[[310527.85260646814, 7325330.772710353], [311527.85260646814, 7325330.772710353], [311527.85260646814, 7324330.772710353], [310527.85260646814, 7324330.772710353], [310527.85260646814, 7325330.772710353]]]]}}, {"type": "Feature", "properties": {"id": 449.0, "left": 310527.85260646814, "top": 7324330.772710353, "right": 311527.85260646814, "bottom": 7323330.772710353, "row_index": 16.0, "col_index": 12.0}, "geometry": {"type": "MultiPolygon", "coordinates": [[[[310527.85260646814, 7324330.772710353], [311527.85260646814, 7324330.772710353], [311527.85260646814, 7323330.772710353], [310527.85260646814, 7323330.772710353], [310527.85260646814, 7324330.772710353]]]]}}, {"type": "Feature", "properties": {"id": 510.0, "left": 312527.85260646814, "top": 7335330.772710353, "right": 313527.85260646814, "bottom": 7334330.772710353, "row_index": 5.0, "col_index": 14.0}, "geometry": {"type": "MultiPolygon", "coordinates": [[[[312527.85260646814, 7335330.772710353], [313527.85260646814, 7335330.772710353], [313527.85260646814, 7334330.772710353], [312527.85260646814, 7334330.772710353], [312527.85260646814, 7335330.772710353]]]]}}, {"type": "Feature", "properties": {"id": 511.0, "left": 312527.85260646814, "top": 7334330.772710353, "right": 313527.85260646814, "bottom": 7333330.772710353, "row_index": 6.0, "col_index": 14.0}, "geometry": {"type": "MultiPolygon", "coordinates": [[[[312527.85260646814, 7334330.772710353], [313527.85260646814, 7334330.772710353], [313527.85260646814, 7333330.772710353], [312527.85260646814, 7333330.772710353], [312527.85260646814, 7334330.772710353]]]]}}, {"type": "Feature", "properties": {"id": 508.0, "left": 312527.85260646814, "top": 7337330.772710353, "right": 313527.85260646814, "bottom": 7336330.772710353, "row_index": 3.0, "col_index": 14.0}, "geometry": {"type": "MultiPolygon", "coordinates": [[[[312527.85260646814, 7337330.772710353], [313527.85260646814, 7337330.772710353], [313527.85260646814, 7336330.772710353], [312527.85260646814, 7336330.772710353], [312527.85260646814, 7337330.772710353]]]]}}, {"type": "Feature", "properties": {"id": 509.0, "left": 312527.85260646814, "top": 7336330.772710353, "right": 313527.85260646814, "bottom": 7335330.772710353, "row_index": 4.0, "col_index": 14.0}, "geometry": {"type": "MultiPolygon", "coordinates": [[[[312527.85260646814, 7336330.772710353], [313527.85260646814, 7336330.772710353], [313527.85260646814, 7335330.772710353], [312527.85260646814, 7335330.772710353], [312527.85260646814, 7336330.772710353]]]]}}, {"type": "Feature", "properties": {"id": 507.0, "left": 312527.85260646814, "top": 7338330.772710353, "right": 313527.85260646814, "bottom": 7337330.772710353, "row_index": 2.0, "col_index": 14.0}, "geometry": {"type": "MultiPolygon", "coordinates": [[[[312527.85260646814, 7338330.772710353], [313527.85260646814, 7338330.772710353], [313527.85260646814, 7337330.772710353], [312527.85260646814, 7337330.772710353], [312527.85260646814, 7338330.772710353]]]]}}, {"type": "Feature", "properties": {"id": 500.0, "left": 311527.85260646814, "top": 7309330.772710353, "right": 312527.85260646814, "bottom": 7308330.772710353, "row_index": 31.0, "col_index": 13.0}, "geometry": {"type": "MultiPolygon", "coordinates": [[[[311527.85260646814, 7309330.772710353], [312527.85260646814, 7309330.772710353], [312527.85260646814, 7308330.772710353], [311527.85260646814, 7308330.772710353], [311527.85260646814, 7309330.772710353]]]]}}, {"type": "Feature", "properties": {"id": 498.0, "left": 311527.85260646814, "top": 7311330.772710353, "right": 312527.85260646814, "bottom": 7310330.772710353, "row_index": 29.0, "col_index": 13.0}, "geometry": {"type": "MultiPolygon", "coordinates": [[[[311527.85260646814, 7311330.772710353], [312527.85260646814, 7311330.772710353], [312527.85260646814, 7310330.772710353], [311527.85260646814, 7310330.772710353], [311527.85260646814, 7311330.772710353]]]]}}, {"type": "Feature", "properties": {"id": 499.0, "left": 311527.85260646814, "top": 7310330.772710353, "right": 312527.85260646814, "bottom": 7309330.772710353, "row_index": 30.0, "col_index": 13.0}, "geometry": {"type": "MultiPolygon", "coordinates": [[[[311527.85260646814, 7310330.772710353], [312527.85260646814, 7310330.772710353], [312527.85260646814, 7309330.772710353], [311527.85260646814, 7309330.772710353], [311527.85260646814, 7310330.772710353]]]]}}, {"type": "Feature", "properties": {"id": 496.0, "left": 311527.85260646814, "top": 7313330.772710353, "right": 312527.85260646814, "bottom": 7312330.772710353, "row_index": 27.0, "col_index": 13.0}, "geometry": {"type": "MultiPolygon", "coordinates": [[[[311527.85260646814, 7313330.772710353], [312527.85260646814, 7313330.772710353], [312527.85260646814, 7312330.772710353], [311527.85260646814, 7312330.772710353], [311527.85260646814, 7313330.772710353]]]]}}, {"type": "Feature", "properties": {"id": 497.0, "left": 311527.85260646814, "top": 7312330.772710353, "right": 312527.85260646814, "bottom": 7311330.772710353, "row_index": 28.0, "col_index": 13.0}, "geometry": {"type": "MultiPolygon", "coordinates": [[[[311527.85260646814, 7312330.772710353], [312527.85260646814, 7312330.772710353], [312527.85260646814, 7311330.772710353], [311527.85260646814, 7311330.772710353], [311527.85260646814, 7312330.772710353]]]]}}, {"type": "Feature", "properties": {"id": 494.0, "left": 311527.85260646814, "top": 7315330.772710353, "right": 312527.85260646814, "bottom": 7314330.772710353, "row_index": 25.0, "col_index": 13.0}, "geometry": {"type": "MultiPolygon", "coordinates": [[[[311527.85260646814, 7315330.772710353], [312527.85260646814, 7315330.772710353], [312527.85260646814, 7314330.772710353], [311527.85260646814, 7314330.772710353], [311527.85260646814, 7315330.772710353]]]]}}, {"type": "Feature", "properties": {"id": 495.0, "left": 311527.85260646814, "top": 7314330.772710353, "right": 312527.85260646814, "bottom": 7313330.772710353, "row_index": 26.0, "col_index": 13.0}, "geometry": {"type": "MultiPolygon", "coordinates": [[[[311527.85260646814, 7314330.772710353], [312527.85260646814, 7314330.772710353], [312527.85260646814, 7313330.772710353], [311527.85260646814, 7313330.772710353], [311527.85260646814, 7314330.772710353]]]]}}, {"type": "Feature", "properties": {"id": 492.0, "left": 311527.85260646814, "top": 7317330.772710353, "right": 312527.85260646814, "bottom": 7316330.772710353, "row_index": 23.0, "col_index": 13.0}, "geometry": {"type": "MultiPolygon", "coordinates": [[[[311527.85260646814, 7317330.772710353], [312527.85260646814, 7317330.772710353], [312527.85260646814, 7316330.772710353], [311527.85260646814, 7316330.772710353], [311527.85260646814, 7317330.772710353]]]]}}, {"type": "Feature", "properties": {"id": 493.0, "left": 311527.85260646814, "top": 7316330.772710353, "right": 312527.85260646814, "bottom": 7315330.772710353, "row_index": 24.0, "col_index": 13.0}, "geometry": {"type": "MultiPolygon", "coordinates": [[[[311527.85260646814, 7316330.772710353], [312527.85260646814, 7316330.772710353], [312527.85260646814, 7315330.772710353], [311527.85260646814, 7315330.772710353], [311527.85260646814, 7316330.772710353]]]]}}, {"type": "Feature", "properties": {"id": 490.0, "left": 311527.85260646814, "top": 7319330.772710353, "right": 312527.85260646814, "bottom": 7318330.772710353, "row_index": 21.0, "col_index": 13.0}, "geometry": {"type": "MultiPolygon", "coordinates": [[[[311527.85260646814, 7319330.772710353], [312527.85260646814, 7319330.772710353], [312527.85260646814, 7318330.772710353], [311527.85260646814, 7318330.772710353], [311527.85260646814, 7319330.772710353]]]]}}, {"type": "Feature", "properties": {"id": 491.0, "left": 311527.85260646814, "top": 7318330.772710353, "right": 312527.85260646814, "bottom": 7317330.772710353, "row_index": 22.0, "col_index": 13.0}, "geometry": {"type": "MultiPolygon", "coordinates": [[[[311527.85260646814, 7318330.772710353], [312527.85260646814, 7318330.772710353], [312527.85260646814, 7317330.772710353], [311527.85260646814, 7317330.772710353], [311527.85260646814, 7318330.772710353]]]]}}, {"type": "Feature", "properties": {"id": 488.0, "left": 311527.85260646814, "top": 7321330.772710353, "right": 312527.85260646814, "bottom": 7320330.772710353, "row_index": 19.0, "col_index": 13.0}, "geometry": {"type": "MultiPolygon", "coordinates": [[[[311527.85260646814, 7321330.772710353], [312527.85260646814, 7321330.772710353], [312527.85260646814, 7320330.772710353], [311527.85260646814, 7320330.772710353], [311527.85260646814, 7321330.772710353]]]]}}, {"type": "Feature", "properties": {"id": 489.0, "left": 311527.85260646814, "top": 7320330.772710353, "right": 312527.85260646814, "bottom": 7319330.772710353, "row_index": 20.0, "col_index": 13.0}, "geometry": {"type": "MultiPolygon", "coordinates": [[[[311527.85260646814, 7320330.772710353], [312527.85260646814, 7320330.772710353], [312527.85260646814, 7319330.772710353], [311527.85260646814, 7319330.772710353], [311527.85260646814, 7320330.772710353]]]]}}, {"type": "Feature", "properties": {"id": 486.0, "left": 311527.85260646814, "top": 7323330.772710353, "right": 312527.85260646814, "bottom": 7322330.772710353, "row_index": 17.0, "col_index": 13.0}, "geometry": {"type": "MultiPolygon", "coordinates": [[[[311527.85260646814, 7323330.772710353], [312527.85260646814, 7323330.772710353], [312527.85260646814, 7322330.772710353], [311527.85260646814, 7322330.772710353], [311527.85260646814, 7323330.772710353]]]]}}, {"type": "Feature", "properties": {"id": 487.0, "left": 311527.85260646814, "top": 7322330.772710353, "right": 312527.85260646814, "bottom": 7321330.772710353, "row_index": 18.0, "col_index": 13.0}, "geometry": {"type": "MultiPolygon", "coordinates": [[[[311527.85260646814, 7322330.772710353], [312527.85260646814, 7322330.772710353], [312527.85260646814, 7321330.772710353], [311527.85260646814, 7321330.772710353], [311527.85260646814, 7322330.772710353]]]]}}, {"type": "Feature", "properties": {"id": 484.0, "left": 311527.85260646814, "top": 7325330.772710353, "right": 312527.85260646814, "bottom": 7324330.772710353, "row_index": 15.0, "col_index": 13.0}, "geometry": {"type": "MultiPolygon", "coordinates": [[[[311527.85260646814, 7325330.772710353], [312527.85260646814, 7325330.772710353], [312527.85260646814, 7324330.772710353], [311527.85260646814, 7324330.772710353], [311527.85260646814, 7325330.772710353]]]]}}, {"type": "Feature", "properties": {"id": 485.0, "left": 311527.85260646814, "top": 7324330.772710353, "right": 312527.85260646814, "bottom": 7323330.772710353, "row_index": 16.0, "col_index": 13.0}, "geometry": {"type": "MultiPolygon", "coordinates": [[[[311527.85260646814, 7324330.772710353], [312527.85260646814, 7324330.772710353], [312527.85260646814, 7323330.772710353], [311527.85260646814, 7323330.772710353], [311527.85260646814, 7324330.772710353]]]]}}, {"type": "Feature", "properties": {"id": 482.0, "left": 311527.85260646814, "top": 7327330.772710353, "right": 312527.85260646814, "bottom": 7326330.772710353, "row_index": 13.0, "col_index": 13.0}, "geometry": {"type": "MultiPolygon", "coordinates": [[[[311527.85260646814, 7327330.772710353], [312527.85260646814, 7327330.772710353], [312527.85260646814, 7326330.772710353], [311527.85260646814, 7326330.772710353], [311527.85260646814, 7327330.772710353]]]]}}, {"type": "Feature", "properties": {"id": 483.0, "left": 311527.85260646814, "top": 7326330.772710353, "right": 312527.85260646814, "bottom": 7325330.772710353, "row_index": 14.0, "col_index": 13.0}, "geometry": {"type": "MultiPolygon", "coordinates": [[[[311527.85260646814, 7326330.772710353], [312527.85260646814, 7326330.772710353], [312527.85260646814, 7325330.772710353], [311527.85260646814, 7325330.772710353], [311527.85260646814, 7326330.772710353]]]]}}, {"type": "Feature", "properties": {"id": 480.0, "left": 311527.85260646814, "top": 7329330.772710353, "right": 312527.85260646814, "bottom": 7328330.772710353, "row_index": 11.0, "col_index": 13.0}, "geometry": {"type": "MultiPolygon", "coordinates": [[[[311527.85260646814, 7329330.772710353], [312527.85260646814, 7329330.772710353], [312527.85260646814, 7328330.772710353], [311527.85260646814, 7328330.772710353], [311527.85260646814, 7329330.772710353]]]]}}, {"type": "Feature", "properties": {"id": 481.0, "left": 311527.85260646814, "top": 7328330.772710353, "right": 312527.85260646814, "bottom": 7327330.772710353, "row_index": 12.0, "col_index": 13.0}, "geometry": {"type": "MultiPolygon", "coordinates": [[[[311527.85260646814, 7328330.772710353], [312527.85260646814, 7328330.772710353], [312527.85260646814, 7327330.772710353], [311527.85260646814, 7327330.772710353], [311527.85260646814, 7328330.772710353]]]]}}, {"type": "Feature", "properties": {"id": 414.0, "left": 309527.85260646814, "top": 7323330.772710353, "right": 310527.85260646814, "bottom": 7322330.772710353, "row_index": 17.0, "col_index": 11.0}, "geometry": {"type": "MultiPolygon", "coordinates": [[[[309527.85260646814, 7323330.772710353], [310527.85260646814, 7323330.772710353], [310527.85260646814, 7322330.772710353], [309527.85260646814, 7322330.772710353], [309527.85260646814, 7323330.772710353]]]]}}, {"type": "Feature", "properties": {"id": 415.0, "left": 309527.85260646814, "top": 7322330.772710353, "right": 310527.85260646814, "bottom": 7321330.772710353, "row_index": 18.0, "col_index": 11.0}, "geometry": {"type": "MultiPolygon", "coordinates": [[[[309527.85260646814, 7322330.772710353], [310527.85260646814, 7322330.772710353], [310527.85260646814, 7321330.772710353], [309527.85260646814, 7321330.772710353], [309527.85260646814, 7322330.772710353]]]]}}, {"type": "Feature", "properties": {"id": 412.0, "left": 309527.85260646814, "top": 7325330.772710353, "right": 310527.85260646814, "bottom": 7324330.772710353, "row_index": 15.0, "col_index": 11.0}, "geometry": {"type": "MultiPolygon", "coordinates": [[[[309527.85260646814, 7325330.772710353], [310527.85260646814, 7325330.772710353], [310527.85260646814, 7324330.772710353], [309527.85260646814, 7324330.772710353], [309527.85260646814, 7325330.772710353]]]]}}, {"type": "Feature", "properties": {"id": 413.0, "left": 309527.85260646814, "top": 7324330.772710353, "right": 310527.85260646814, "bottom": 7323330.772710353, "row_index": 16.0, "col_index": 11.0}, "geometry": {"type": "MultiPolygon", "coordinates": [[[[309527.85260646814, 7324330.772710353], [310527.85260646814, 7324330.772710353], [310527.85260646814, 7323330.772710353], [309527.85260646814, 7323330.772710353], [309527.85260646814, 7324330.772710353]]]]}}, {"type": "Feature", "properties": {"id": 410.0, "left": 309527.85260646814, "top": 7327330.772710353, "right": 310527.85260646814, "bottom": 7326330.772710353, "row_index": 13.0, "col_index": 11.0}, "geometry": {"type": "MultiPolygon", "coordinates": [[[[309527.85260646814, 7327330.772710353], [310527.85260646814, 7327330.772710353], [310527.85260646814, 7326330.772710353], [309527.85260646814, 7326330.772710353], [309527.85260646814, 7327330.772710353]]]]}}, {"type": "Feature", "properties": {"id": 411.0, "left": 309527.85260646814, "top": 7326330.772710353, "right": 310527.85260646814, "bottom": 7325330.772710353, "row_index": 14.0, "col_index": 11.0}, "geometry": {"type": "MultiPolygon", "coordinates": [[[[309527.85260646814, 7326330.772710353], [310527.85260646814, 7326330.772710353], [310527.85260646814, 7325330.772710353], [309527.85260646814, 7325330.772710353], [309527.85260646814, 7326330.772710353]]]]}}, {"type": "Feature", "properties": {"id": 408.0, "left": 309527.85260646814, "top": 7329330.772710353, "right": 310527.85260646814, "bottom": 7328330.772710353, "row_index": 11.0, "col_index": 11.0}, "geometry": {"type": "MultiPolygon", "coordinates": [[[[309527.85260646814, 7329330.772710353], [310527.85260646814, 7329330.772710353], [310527.85260646814, 7328330.772710353], [309527.85260646814, 7328330.772710353], [309527.85260646814, 7329330.772710353]]]]}}, {"type": "Feature", "properties": {"id": 409.0, "left": 309527.85260646814, "top": 7328330.772710353, "right": 310527.85260646814, "bottom": 7327330.772710353, "row_index": 12.0, "col_index": 11.0}, "geometry": {"type": "MultiPolygon", "coordinates": [[[[309527.85260646814, 7328330.772710353], [310527.85260646814, 7328330.772710353], [310527.85260646814, 7327330.772710353], [309527.85260646814, 7327330.772710353], [309527.85260646814, 7328330.772710353]]]]}}, {"type": "Feature", "properties": {"id": 406.0, "left": 309527.85260646814, "top": 7331330.772710353, "right": 310527.85260646814, "bottom": 7330330.772710353, "row_index": 9.0, "col_index": 11.0}, "geometry": {"type": "MultiPolygon", "coordinates": [[[[309527.85260646814, 7331330.772710353], [310527.85260646814, 7331330.772710353], [310527.85260646814, 7330330.772710353], [309527.85260646814, 7330330.772710353], [309527.85260646814, 7331330.772710353]]]]}}, {"type": "Feature", "properties": {"id": 407.0, "left": 309527.85260646814, "top": 7330330.772710353, "right": 310527.85260646814, "bottom": 7329330.772710353, "row_index": 10.0, "col_index": 11.0}, "geometry": {"type": "MultiPolygon", "coordinates": [[[[309527.85260646814, 7330330.772710353], [310527.85260646814, 7330330.772710353], [310527.85260646814, 7329330.772710353], [309527.85260646814, 7329330.772710353], [309527.85260646814, 7330330.772710353]]]]}}, {"type": "Feature", "properties": {"id": 404.0, "left": 309527.85260646814, "top": 7333330.772710353, "right": 310527.85260646814, "bottom": 7332330.772710353, "row_index": 7.0, "col_index": 11.0}, "geometry": {"type": "MultiPolygon", "coordinates": [[[[309527.85260646814, 7333330.772710353], [310527.85260646814, 7333330.772710353], [310527.85260646814, 7332330.772710353], [309527.85260646814, 7332330.772710353], [309527.85260646814, 7333330.772710353]]]]}}, {"type": "Feature", "properties": {"id": 405.0, "left": 309527.85260646814, "top": 7332330.772710353, "right": 310527.85260646814, "bottom": 7331330.772710353, "row_index": 8.0, "col_index": 11.0}, "geometry": {"type": "MultiPolygon", "coordinates": [[[[309527.85260646814, 7332330.772710353], [310527.85260646814, 7332330.772710353], [310527.85260646814, 7331330.772710353], [309527.85260646814, 7331330.772710353], [309527.85260646814, 7332330.772710353]]]]}}, {"type": "Feature", "properties": {"id": 402.0, "left": 309527.85260646814, "top": 7335330.772710353, "right": 310527.85260646814, "bottom": 7334330.772710353, "row_index": 5.0, "col_index": 11.0}, "geometry": {"type": "MultiPolygon", "coordinates": [[[[309527.85260646814, 7335330.772710353], [310527.85260646814, 7335330.772710353], [310527.85260646814, 7334330.772710353], [309527.85260646814, 7334330.772710353], [309527.85260646814, 7335330.772710353]]]]}}, {"type": "Feature", "properties": {"id": 403.0, "left": 309527.85260646814, "top": 7334330.772710353, "right": 310527.85260646814, "bottom": 7333330.772710353, "row_index": 6.0, "col_index": 11.0}, "geometry": {"type": "MultiPolygon", "coordinates": [[[[309527.85260646814, 7334330.772710353], [310527.85260646814, 7334330.772710353], [310527.85260646814, 7333330.772710353], [309527.85260646814, 7333330.772710353], [309527.85260646814, 7334330.772710353]]]]}}, {"type": "Feature", "properties": {"id": 400.0, "left": 309527.85260646814, "top": 7337330.772710353, "right": 310527.85260646814, "bottom": 7336330.772710353, "row_index": 3.0, "col_index": 11.0}, "geometry": {"type": "MultiPolygon", "coordinates": [[[[309527.85260646814, 7337330.772710353], [310527.85260646814, 7337330.772710353], [310527.85260646814, 7336330.772710353], [309527.85260646814, 7336330.772710353], [309527.85260646814, 7337330.772710353]]]]}}, {"type": "Feature", "properties": {"id": 401.0, "left": 309527.85260646814, "top": 7336330.772710353, "right": 310527.85260646814, "bottom": 7335330.772710353, "row_index": 4.0, "col_index": 11.0}, "geometry": {"type": "MultiPolygon", "coordinates": [[[[309527.85260646814, 7336330.772710353], [310527.85260646814, 7336330.772710353], [310527.85260646814, 7335330.772710353], [309527.85260646814, 7335330.772710353], [309527.85260646814, 7336330.772710353]]]]}}, {"type": "Feature", "properties": {"id": 392.0, "left": 308527.85260646814, "top": 7309330.772710353, "right": 309527.85260646814, "bottom": 7308330.772710353, "row_index": 31.0, "col_index": 10.0}, "geometry": {"type": "MultiPolygon", "coordinates": [[[[308527.85260646814, 7309330.772710353], [309527.85260646814, 7309330.772710353], [309527.85260646814, 7308330.772710353], [308527.85260646814, 7308330.772710353], [308527.85260646814, 7309330.772710353]]]]}}, {"type": "Feature", "properties": {"id": 390.0, "left": 308527.85260646814, "top": 7311330.772710353, "right": 309527.85260646814, "bottom": 7310330.772710353, "row_index": 29.0, "col_index": 10.0}, "geometry": {"type": "MultiPolygon", "coordinates": [[[[308527.85260646814, 7311330.772710353], [309527.85260646814, 7311330.772710353], [309527.85260646814, 7310330.772710353], [308527.85260646814, 7310330.772710353], [308527.85260646814, 7311330.772710353]]]]}}, {"type": "Feature", "properties": {"id": 391.0, "left": 308527.85260646814, "top": 7310330.772710353, "right": 309527.85260646814, "bottom": 7309330.772710353, "row_index": 30.0, "col_index": 10.0}, "geometry": {"type": "MultiPolygon", "coordinates": [[[[308527.85260646814, 7310330.772710353], [309527.85260646814, 7310330.772710353], [309527.85260646814, 7309330.772710353], [308527.85260646814, 7309330.772710353], [308527.85260646814, 7310330.772710353]]]]}}, {"type": "Feature", "properties": {"id": 388.0, "left": 308527.85260646814, "top": 7313330.772710353, "right": 309527.85260646814, "bottom": 7312330.772710353, "row_index": 27.0, "col_index": 10.0}, "geometry": {"type": "MultiPolygon", "coordinates": [[[[308527.85260646814, 7313330.772710353], [309527.85260646814, 7313330.772710353], [309527.85260646814, 7312330.772710353], [308527.85260646814, 7312330.772710353], [308527.85260646814, 7313330.772710353]]]]}}, {"type": "Feature", "properties": {"id": 389.0, "left": 308527.85260646814, "top": 7312330.772710353, "right": 309527.85260646814, "bottom": 7311330.772710353, "row_index": 28.0, "col_index": 10.0}, "geometry": {"type": "MultiPolygon", "coordinates": [[[[308527.85260646814, 7312330.772710353], [309527.85260646814, 7312330.772710353], [309527.85260646814, 7311330.772710353], [308527.85260646814, 7311330.772710353], [308527.85260646814, 7312330.772710353]]]]}}, {"type": "Feature", "properties": {"id": 386.0, "left": 308527.85260646814, "top": 7315330.772710353, "right": 309527.85260646814, "bottom": 7314330.772710353, "row_index": 25.0, "col_index": 10.0}, "geometry": {"type": "MultiPolygon", "coordinates": [[[[308527.85260646814, 7315330.772710353], [309527.85260646814, 7315330.772710353], [309527.85260646814, 7314330.772710353], [308527.85260646814, 7314330.772710353], [308527.85260646814, 7315330.772710353]]]]}}, {"type": "Feature", "properties": {"id": 387.0, "left": 308527.85260646814, "top": 7314330.772710353, "right": 309527.85260646814, "bottom": 7313330.772710353, "row_index": 26.0, "col_index": 10.0}, "geometry": {"type": "MultiPolygon", "coordinates": [[[[308527.85260646814, 7314330.772710353], [309527.85260646814, 7314330.772710353], [309527.85260646814, 7313330.772710353], [308527.85260646814, 7313330.772710353], [308527.85260646814, 7314330.772710353]]]]}}, {"type": "Feature", "properties": {"id": 384.0, "left": 308527.85260646814, "top": 7317330.772710353, "right": 309527.85260646814, "bottom": 7316330.772710353, "row_index": 23.0, "col_index": 10.0}, "geometry": {"type": "MultiPolygon", "coordinates": [[[[308527.85260646814, 7317330.772710353], [309527.85260646814, 7317330.772710353], [309527.85260646814, 7316330.772710353], [308527.85260646814, 7316330.772710353], [308527.85260646814, 7317330.772710353]]]]}}, {"type": "Feature", "properties": {"id": 385.0, "left": 308527.85260646814, "top": 7316330.772710353, "right": 309527.85260646814, "bottom": 7315330.772710353, "row_index": 24.0, "col_index": 10.0}, "geometry": {"type": "MultiPolygon", "coordinates": [[[[308527.85260646814, 7316330.772710353], [309527.85260646814, 7316330.772710353], [309527.85260646814, 7315330.772710353], [308527.85260646814, 7315330.772710353], [308527.85260646814, 7316330.772710353]]]]}}, {"type": "Feature", "properties": {"id": 446.0, "left": 310527.85260646814, "top": 7327330.772710353, "right": 311527.85260646814, "bottom": 7326330.772710353, "row_index": 13.0, "col_index": 12.0}, "geometry": {"type": "MultiPolygon", "coordinates": [[[[310527.85260646814, 7327330.772710353], [311527.85260646814, 7327330.772710353], [311527.85260646814, 7326330.772710353], [310527.85260646814, 7326330.772710353], [310527.85260646814, 7327330.772710353]]]]}}, {"type": "Feature", "properties": {"id": 447.0, "left": 310527.85260646814, "top": 7326330.772710353, "right": 311527.85260646814, "bottom": 7325330.772710353, "row_index": 14.0, "col_index": 12.0}, "geometry": {"type": "MultiPolygon", "coordinates": [[[[310527.85260646814, 7326330.772710353], [311527.85260646814, 7326330.772710353], [311527.85260646814, 7325330.772710353], [310527.85260646814, 7325330.772710353], [310527.85260646814, 7326330.772710353]]]]}}, {"type": "Feature", "properties": {"id": 444.0, "left": 310527.85260646814, "top": 7329330.772710353, "right": 311527.85260646814, "bottom": 7328330.772710353, "row_index": 11.0, "col_index": 12.0}, "geometry": {"type": "MultiPolygon", "coordinates": [[[[310527.85260646814, 7329330.772710353], [311527.85260646814, 7329330.772710353], [311527.85260646814, 7328330.772710353], [310527.85260646814, 7328330.772710353], [310527.85260646814, 7329330.772710353]]]]}}, {"type": "Feature", "properties": {"id": 445.0, "left": 310527.85260646814, "top": 7328330.772710353, "right": 311527.85260646814, "bottom": 7327330.772710353, "row_index": 12.0, "col_index": 12.0}, "geometry": {"type": "MultiPolygon", "coordinates": [[[[310527.85260646814, 7328330.772710353], [311527.85260646814, 7328330.772710353], [311527.85260646814, 7327330.772710353], [310527.85260646814, 7327330.772710353], [310527.85260646814, 7328330.772710353]]]]}}, {"type": "Feature", "properties": {"id": 442.0, "left": 310527.85260646814, "top": 7331330.772710353, "right": 311527.85260646814, "bottom": 7330330.772710353, "row_index": 9.0, "col_index": 12.0}, "geometry": {"type": "MultiPolygon", "coordinates": [[[[310527.85260646814, 7331330.772710353], [311527.85260646814, 7331330.772710353], [311527.85260646814, 7330330.772710353], [310527.85260646814, 7330330.772710353], [310527.85260646814, 7331330.772710353]]]]}}, {"type": "Feature", "properties": {"id": 443.0, "left": 310527.85260646814, "top": 7330330.772710353, "right": 311527.85260646814, "bottom": 7329330.772710353, "row_index": 10.0, "col_index": 12.0}, "geometry": {"type": "MultiPolygon", "coordinates": [[[[310527.85260646814, 7330330.772710353], [311527.85260646814, 7330330.772710353], [311527.85260646814, 7329330.772710353], [310527.85260646814, 7329330.772710353], [310527.85260646814, 7330330.772710353]]]]}}, {"type": "Feature", "properties": {"id": 440.0, "left": 310527.85260646814, "top": 7333330.772710353, "right": 311527.85260646814, "bottom": 7332330.772710353, "row_index": 7.0, "col_index": 12.0}, "geometry": {"type": "MultiPolygon", "coordinates": [[[[310527.85260646814, 7333330.772710353], [311527.85260646814, 7333330.772710353], [311527.85260646814, 7332330.772710353], [310527.85260646814, 7332330.772710353], [310527.85260646814, 7333330.772710353]]]]}}, {"type": "Feature", "properties": {"id": 441.0, "left": 310527.85260646814, "top": 7332330.772710353, "right": 311527.85260646814, "bottom": 7331330.772710353, "row_index": 8.0, "col_index": 12.0}, "geometry": {"type": "MultiPolygon", "coordinates": [[[[310527.85260646814, 7332330.772710353], [311527.85260646814, 7332330.772710353], [311527.85260646814, 7331330.772710353], [310527.85260646814, 7331330.772710353], [310527.85260646814, 7332330.772710353]]]]}}, {"type": "Feature", "properties": {"id": 438.0, "left": 310527.85260646814, "top": 7335330.772710353, "right": 311527.85260646814, "bottom": 7334330.772710353, "row_index": 5.0, "col_index": 12.0}, "geometry": {"type": "MultiPolygon", "coordinates": [[[[310527.85260646814, 7335330.772710353], [311527.85260646814, 7335330.772710353], [311527.85260646814, 7334330.772710353], [310527.85260646814, 7334330.772710353], [310527.85260646814, 7335330.772710353]]]]}}, {"type": "Feature", "properties": {"id": 439.0, "left": 310527.85260646814, "top": 7334330.772710353, "right": 311527.85260646814, "bottom": 7333330.772710353, "row_index": 6.0, "col_index": 12.0}, "geometry": {"type": "MultiPolygon", "coordinates": [[[[310527.85260646814, 7334330.772710353], [311527.85260646814, 7334330.772710353], [311527.85260646814, 7333330.772710353], [310527.85260646814, 7333330.772710353], [310527.85260646814, 7334330.772710353]]]]}}, {"type": "Feature", "properties": {"id": 436.0, "left": 310527.85260646814, "top": 7337330.772710353, "right": 311527.85260646814, "bottom": 7336330.772710353, "row_index": 3.0, "col_index": 12.0}, "geometry": {"type": "MultiPolygon", "coordinates": [[[[310527.85260646814, 7337330.772710353], [311527.85260646814, 7337330.772710353], [311527.85260646814, 7336330.772710353], [310527.85260646814, 7336330.772710353], [310527.85260646814, 7337330.772710353]]]]}}, {"type": "Feature", "properties": {"id": 437.0, "left": 310527.85260646814, "top": 7336330.772710353, "right": 311527.85260646814, "bottom": 7335330.772710353, "row_index": 4.0, "col_index": 12.0}, "geometry": {"type": "MultiPolygon", "coordinates": [[[[310527.85260646814, 7336330.772710353], [311527.85260646814, 7336330.772710353], [311527.85260646814, 7335330.772710353], [310527.85260646814, 7335330.772710353], [310527.85260646814, 7336330.772710353]]]]}}, {"type": "Feature", "properties": {"id": 428.0, "left": 309527.85260646814, "top": 7309330.772710353, "right": 310527.85260646814, "bottom": 7308330.772710353, "row_index": 31.0, "col_index": 11.0}, "geometry": {"type": "MultiPolygon", "coordinates": [[[[309527.85260646814, 7309330.772710353], [310527.85260646814, 7309330.772710353], [310527.85260646814, 7308330.772710353], [309527.85260646814, 7308330.772710353], [309527.85260646814, 7309330.772710353]]]]}}, {"type": "Feature", "properties": {"id": 426.0, "left": 309527.85260646814, "top": 7311330.772710353, "right": 310527.85260646814, "bottom": 7310330.772710353, "row_index": 29.0, "col_index": 11.0}, "geometry": {"type": "MultiPolygon", "coordinates": [[[[309527.85260646814, 7311330.772710353], [310527.85260646814, 7311330.772710353], [310527.85260646814, 7310330.772710353], [309527.85260646814, 7310330.772710353], [309527.85260646814, 7311330.772710353]]]]}}, {"type": "Feature", "properties": {"id": 427.0, "left": 309527.85260646814, "top": 7310330.772710353, "right": 310527.85260646814, "bottom": 7309330.772710353, "row_index": 30.0, "col_index": 11.0}, "geometry": {"type": "MultiPolygon", "coordinates": [[[[309527.85260646814, 7310330.772710353], [310527.85260646814, 7310330.772710353], [310527.85260646814, 7309330.772710353], [309527.85260646814, 7309330.772710353], [309527.85260646814, 7310330.772710353]]]]}}, {"type": "Feature", "properties": {"id": 424.0, "left": 309527.85260646814, "top": 7313330.772710353, "right": 310527.85260646814, "bottom": 7312330.772710353, "row_index": 27.0, "col_index": 11.0}, "geometry": {"type": "MultiPolygon", "coordinates": [[[[309527.85260646814, 7313330.772710353], [310527.85260646814, 7313330.772710353], [310527.85260646814, 7312330.772710353], [309527.85260646814, 7312330.772710353], [309527.85260646814, 7313330.772710353]]]]}}, {"type": "Feature", "properties": {"id": 425.0, "left": 309527.85260646814, "top": 7312330.772710353, "right": 310527.85260646814, "bottom": 7311330.772710353, "row_index": 28.0, "col_index": 11.0}, "geometry": {"type": "MultiPolygon", "coordinates": [[[[309527.85260646814, 7312330.772710353], [310527.85260646814, 7312330.772710353], [310527.85260646814, 7311330.772710353], [309527.85260646814, 7311330.772710353], [309527.85260646814, 7312330.772710353]]]]}}, {"type": "Feature", "properties": {"id": 422.0, "left": 309527.85260646814, "top": 7315330.772710353, "right": 310527.85260646814, "bottom": 7314330.772710353, "row_index": 25.0, "col_index": 11.0}, "geometry": {"type": "MultiPolygon", "coordinates": [[[[309527.85260646814, 7315330.772710353], [310527.85260646814, 7315330.772710353], [310527.85260646814, 7314330.772710353], [309527.85260646814, 7314330.772710353], [309527.85260646814, 7315330.772710353]]]]}}, {"type": "Feature", "properties": {"id": 423.0, "left": 309527.85260646814, "top": 7314330.772710353, "right": 310527.85260646814, "bottom": 7313330.772710353, "row_index": 26.0, "col_index": 11.0}, "geometry": {"type": "MultiPolygon", "coordinates": [[[[309527.85260646814, 7314330.772710353], [310527.85260646814, 7314330.772710353], [310527.85260646814, 7313330.772710353], [309527.85260646814, 7313330.772710353], [309527.85260646814, 7314330.772710353]]]]}}, {"type": "Feature", "properties": {"id": 420.0, "left": 309527.85260646814, "top": 7317330.772710353, "right": 310527.85260646814, "bottom": 7316330.772710353, "row_index": 23.0, "col_index": 11.0}, "geometry": {"type": "MultiPolygon", "coordinates": [[[[309527.85260646814, 7317330.772710353], [310527.85260646814, 7317330.772710353], [310527.85260646814, 7316330.772710353], [309527.85260646814, 7316330.772710353], [309527.85260646814, 7317330.772710353]]]]}}, {"type": "Feature", "properties": {"id": 421.0, "left": 309527.85260646814, "top": 7316330.772710353, "right": 310527.85260646814, "bottom": 7315330.772710353, "row_index": 24.0, "col_index": 11.0}, "geometry": {"type": "MultiPolygon", "coordinates": [[[[309527.85260646814, 7316330.772710353], [310527.85260646814, 7316330.772710353], [310527.85260646814, 7315330.772710353], [309527.85260646814, 7315330.772710353], [309527.85260646814, 7316330.772710353]]]]}}, {"type": "Feature", "properties": {"id": 418.0, "left": 309527.85260646814, "top": 7319330.772710353, "right": 310527.85260646814, "bottom": 7318330.772710353, "row_index": 21.0, "col_index": 11.0}, "geometry": {"type": "MultiPolygon", "coordinates": [[[[309527.85260646814, 7319330.772710353], [310527.85260646814, 7319330.772710353], [310527.85260646814, 7318330.772710353], [309527.85260646814, 7318330.772710353], [309527.85260646814, 7319330.772710353]]]]}}, {"type": "Feature", "properties": {"id": 419.0, "left": 309527.85260646814, "top": 7318330.772710353, "right": 310527.85260646814, "bottom": 7317330.772710353, "row_index": 22.0, "col_index": 11.0}, "geometry": {"type": "MultiPolygon", "coordinates": [[[[309527.85260646814, 7318330.772710353], [310527.85260646814, 7318330.772710353], [310527.85260646814, 7317330.772710353], [309527.85260646814, 7317330.772710353], [309527.85260646814, 7318330.772710353]]]]}}, {"type": "Feature", "properties": {"id": 416.0, "left": 309527.85260646814, "top": 7321330.772710353, "right": 310527.85260646814, "bottom": 7320330.772710353, "row_index": 19.0, "col_index": 11.0}, "geometry": {"type": "MultiPolygon", "coordinates": [[[[309527.85260646814, 7321330.772710353], [310527.85260646814, 7321330.772710353], [310527.85260646814, 7320330.772710353], [309527.85260646814, 7320330.772710353], [309527.85260646814, 7321330.772710353]]]]}}, {"type": "Feature", "properties": {"id": 417.0, "left": 309527.85260646814, "top": 7320330.772710353, "right": 310527.85260646814, "bottom": 7319330.772710353, "row_index": 20.0, "col_index": 11.0}, "geometry": {"type": "MultiPolygon", "coordinates": [[[[309527.85260646814, 7320330.772710353], [310527.85260646814, 7320330.772710353], [310527.85260646814, 7319330.772710353], [309527.85260646814, 7319330.772710353], [309527.85260646814, 7320330.772710353]]]]}}, {"type": "Feature", "properties": {"id": 88.0, "left": 300527.85260646814, "top": 7325330.772710353, "right": 301527.85260646814, "bottom": 7324330.772710353, "row_index": 15.0, "col_index": 2.0}, "geometry": {"type": "MultiPolygon", "coordinates": [[[[300527.85260646814, 7325330.772710353], [301527.85260646814, 7325330.772710353], [301527.85260646814, 7324330.772710353], [300527.85260646814, 7324330.772710353], [300527.85260646814, 7325330.772710353]]]]}}, {"type": "Feature", "properties": {"id": 89.0, "left": 300527.85260646814, "top": 7324330.772710353, "right": 301527.85260646814, "bottom": 7323330.772710353, "row_index": 16.0, "col_index": 2.0}, "geometry": {"type": "MultiPolygon", "coordinates": [[[[300527.85260646814, 7324330.772710353], [301527.85260646814, 7324330.772710353], [301527.85260646814, 7323330.772710353], [300527.85260646814, 7323330.772710353], [300527.85260646814, 7324330.772710353]]]]}}, {"type": "Feature", "properties": {"id": 86.0, "left": 300527.85260646814, "top": 7327330.772710353, "right": 301527.85260646814, "bottom": 7326330.772710353, "row_index": 13.0, "col_index": 2.0}, "geometry": {"type": "MultiPolygon", "coordinates": [[[[300527.85260646814, 7327330.772710353], [301527.85260646814, 7327330.772710353], [301527.85260646814, 7326330.772710353], [300527.85260646814, 7326330.772710353], [300527.85260646814, 7327330.772710353]]]]}}, {"type": "Feature", "properties": {"id": 87.0, "left": 300527.85260646814, "top": 7326330.772710353, "right": 301527.85260646814, "bottom": 7325330.772710353, "row_index": 14.0, "col_index": 2.0}, "geometry": {"type": "MultiPolygon", "coordinates": [[[[300527.85260646814, 7326330.772710353], [301527.85260646814, 7326330.772710353], [301527.85260646814, 7325330.772710353], [300527.85260646814, 7325330.772710353], [300527.85260646814, 7326330.772710353]]]]}}, {"type": "Feature", "properties": {"id": 84.0, "left": 300527.85260646814, "top": 7329330.772710353, "right": 301527.85260646814, "bottom": 7328330.772710353, "row_index": 11.0, "col_index": 2.0}, "geometry": {"type": "MultiPolygon", "coordinates": [[[[300527.85260646814, 7329330.772710353], [301527.85260646814, 7329330.772710353], [301527.85260646814, 7328330.772710353], [300527.85260646814, 7328330.772710353], [300527.85260646814, 7329330.772710353]]]]}}, {"type": "Feature", "properties": {"id": 85.0, "left": 300527.85260646814, "top": 7328330.772710353, "right": 301527.85260646814, "bottom": 7327330.772710353, "row_index": 12.0, "col_index": 2.0}, "geometry": {"type": "MultiPolygon", "coordinates": [[[[300527.85260646814, 7328330.772710353], [301527.85260646814, 7328330.772710353], [301527.85260646814, 7327330.772710353], [300527.85260646814, 7327330.772710353], [300527.85260646814, 7328330.772710353]]]]}}, {"type": "Feature", "properties": {"id": 1100.0, "left": 328527.85260646814, "top": 7321330.772710353, "right": 329527.85260646814, "bottom": 7320330.772710353, "row_index": 19.0, "col_index": 30.0}, "geometry": {"type": "MultiPolygon", "coordinates": [[[[328527.85260646814, 7321330.772710353], [329527.85260646814, 7321330.772710353], [329527.85260646814, 7320330.772710353], [328527.85260646814, 7320330.772710353], [328527.85260646814, 7321330.772710353]]]]}}, {"type": "Feature", "properties": {"id": 1098.0, "left": 328527.85260646814, "top": 7323330.772710353, "right": 329527.85260646814, "bottom": 7322330.772710353, "row_index": 17.0, "col_index": 30.0}, "geometry": {"type": "MultiPolygon", "coordinates": [[[[328527.85260646814, 7323330.772710353], [329527.85260646814, 7323330.772710353], [329527.85260646814, 7322330.772710353], [328527.85260646814, 7322330.772710353], [328527.85260646814, 7323330.772710353]]]]}}, {"type": "Feature", "properties": {"id": 1099.0, "left": 328527.85260646814, "top": 7322330.772710353, "right": 329527.85260646814, "bottom": 7321330.772710353, "row_index": 18.0, "col_index": 30.0}, "geometry": {"type": "MultiPolygon", "coordinates": [[[[328527.85260646814, 7322330.772710353], [329527.85260646814, 7322330.772710353], [329527.85260646814, 7321330.772710353], [328527.85260646814, 7321330.772710353], [328527.85260646814, 7322330.772710353]]]]}}, {"type": "Feature", "properties": {"id": 126.0, "left": 301527.85260646814, "top": 7323330.772710353, "right": 302527.85260646814, "bottom": 7322330.772710353, "row_index": 17.0, "col_index": 3.0}, "geometry": {"type": "MultiPolygon", "coordinates": [[[[301527.85260646814, 7323330.772710353], [302527.85260646814, 7323330.772710353], [302527.85260646814, 7322330.772710353], [301527.85260646814, 7322330.772710353], [301527.85260646814, 7323330.772710353]]]]}}, {"type": "Feature", "properties": {"id": 127.0, "left": 301527.85260646814, "top": 7322330.772710353, "right": 302527.85260646814, "bottom": 7321330.772710353, "row_index": 18.0, "col_index": 3.0}, "geometry": {"type": "MultiPolygon", "coordinates": [[[[301527.85260646814, 7322330.772710353], [302527.85260646814, 7322330.772710353], [302527.85260646814, 7321330.772710353], [301527.85260646814, 7321330.772710353], [301527.85260646814, 7322330.772710353]]]]}}, {"type": "Feature", "properties": {"id": 124.0, "left": 301527.85260646814, "top": 7325330.772710353, "right": 302527.85260646814, "bottom": 7324330.772710353, "row_index": 15.0, "col_index": 3.0}, "geometry": {"type": "MultiPolygon", "coordinates": [[[[301527.85260646814, 7325330.772710353], [302527.85260646814, 7325330.772710353], [302527.85260646814, 7324330.772710353], [301527.85260646814, 7324330.772710353], [301527.85260646814, 7325330.772710353]]]]}}, {"type": "Feature", "properties": {"id": 125.0, "left": 301527.85260646814, "top": 7324330.772710353, "right": 302527.85260646814, "bottom": 7323330.772710353, "row_index": 16.0, "col_index": 3.0}, "geometry": {"type": "MultiPolygon", "coordinates": [[[[301527.85260646814, 7324330.772710353], [302527.85260646814, 7324330.772710353], [302527.85260646814, 7323330.772710353], [301527.85260646814, 7323330.772710353], [301527.85260646814, 7324330.772710353]]]]}}, {"type": "Feature", "properties": {"id": 122.0, "left": 301527.85260646814, "top": 7327330.772710353, "right": 302527.85260646814, "bottom": 7326330.772710353, "row_index": 13.0, "col_index": 3.0}, "geometry": {"type": "MultiPolygon", "coordinates": [[[[301527.85260646814, 7327330.772710353], [302527.85260646814, 7327330.772710353], [302527.85260646814, 7326330.772710353], [301527.85260646814, 7326330.772710353], [301527.85260646814, 7327330.772710353]]]]}}, {"type": "Feature", "properties": {"id": 123.0, "left": 301527.85260646814, "top": 7326330.772710353, "right": 302527.85260646814, "bottom": 7325330.772710353, "row_index": 14.0, "col_index": 3.0}, "geometry": {"type": "MultiPolygon", "coordinates": [[[[301527.85260646814, 7326330.772710353], [302527.85260646814, 7326330.772710353], [302527.85260646814, 7325330.772710353], [301527.85260646814, 7325330.772710353], [301527.85260646814, 7326330.772710353]]]]}}, {"type": "Feature", "properties": {"id": 120.0, "left": 301527.85260646814, "top": 7329330.772710353, "right": 302527.85260646814, "bottom": 7328330.772710353, "row_index": 11.0, "col_index": 3.0}, "geometry": {"type": "MultiPolygon", "coordinates": [[[[301527.85260646814, 7329330.772710353], [302527.85260646814, 7329330.772710353], [302527.85260646814, 7328330.772710353], [301527.85260646814, 7328330.772710353], [301527.85260646814, 7329330.772710353]]]]}}, {"type": "Feature", "properties": {"id": 121.0, "left": 301527.85260646814, "top": 7328330.772710353, "right": 302527.85260646814, "bottom": 7327330.772710353, "row_index": 12.0, "col_index": 3.0}, "geometry": {"type": "MultiPolygon", "coordinates": [[[[301527.85260646814, 7328330.772710353], [302527.85260646814, 7328330.772710353], [302527.85260646814, 7327330.772710353], [301527.85260646814, 7327330.772710353], [301527.85260646814, 7328330.772710353]]]]}}, {"type": "Feature", "properties": {"id": 1034.0, "left": 326527.85260646814, "top": 7315330.772710353, "right": 327527.85260646814, "bottom": 7314330.772710353, "row_index": 25.0, "col_index": 28.0}, "geometry": {"type": "MultiPolygon", "coordinates": [[[[326527.85260646814, 7315330.772710353], [327527.85260646814, 7315330.772710353], [327527.85260646814, 7314330.772710353], [326527.85260646814, 7314330.772710353], [326527.85260646814, 7315330.772710353]]]]}}, {"type": "Feature", "properties": {"id": 1032.0, "left": 326527.85260646814, "top": 7317330.772710353, "right": 327527.85260646814, "bottom": 7316330.772710353, "row_index": 23.0, "col_index": 28.0}, "geometry": {"type": "MultiPolygon", "coordinates": [[[[326527.85260646814, 7317330.772710353], [327527.85260646814, 7317330.772710353], [327527.85260646814, 7316330.772710353], [326527.85260646814, 7316330.772710353], [326527.85260646814, 7317330.772710353]]]]}}, {"type": "Feature", "properties": {"id": 14.0, "left": 298527.85260646814, "top": 7327330.772710353, "right": 299527.85260646814, "bottom": 7326330.772710353, "row_index": 13.0, "col_index": 0.0}, "geometry": {"type": "MultiPolygon", "coordinates": [[[[298527.85260646814, 7327330.772710353], [299527.85260646814, 7327330.772710353], [299527.85260646814, 7326330.772710353], [298527.85260646814, 7326330.772710353], [298527.85260646814, 7327330.772710353]]]]}}, {"type": "Feature", "properties": {"id": 1033.0, "left": 326527.85260646814, "top": 7316330.772710353, "right": 327527.85260646814, "bottom": 7315330.772710353, "row_index": 24.0, "col_index": 28.0}, "geometry": {"type": "MultiPolygon", "coordinates": [[[[326527.85260646814, 7316330.772710353], [327527.85260646814, 7316330.772710353], [327527.85260646814, 7315330.772710353], [326527.85260646814, 7315330.772710353], [326527.85260646814, 7316330.772710353]]]]}}, {"type": "Feature", "properties": {"id": 1030.0, "left": 326527.85260646814, "top": 7319330.772710353, "right": 327527.85260646814, "bottom": 7318330.772710353, "row_index": 21.0, "col_index": 28.0}, "geometry": {"type": "MultiPolygon", "coordinates": [[[[326527.85260646814, 7319330.772710353], [327527.85260646814, 7319330.772710353], [327527.85260646814, 7318330.772710353], [326527.85260646814, 7318330.772710353], [326527.85260646814, 7319330.772710353]]]]}}, {"type": "Feature", "properties": {"id": 1031.0, "left": 326527.85260646814, "top": 7318330.772710353, "right": 327527.85260646814, "bottom": 7317330.772710353, "row_index": 22.0, "col_index": 28.0}, "geometry": {"type": "MultiPolygon", "coordinates": [[[[326527.85260646814, 7318330.772710353], [327527.85260646814, 7318330.772710353], [327527.85260646814, 7317330.772710353], [326527.85260646814, 7317330.772710353], [326527.85260646814, 7318330.772710353]]]]}}, {"type": "Feature", "properties": {"id": 13.0, "left": 298527.85260646814, "top": 7328330.772710353, "right": 299527.85260646814, "bottom": 7327330.772710353, "row_index": 12.0, "col_index": 0.0}, "geometry": {"type": "MultiPolygon", "coordinates": [[[[298527.85260646814, 7328330.772710353], [299527.85260646814, 7328330.772710353], [299527.85260646814, 7327330.772710353], [298527.85260646814, 7327330.772710353], [298527.85260646814, 7328330.772710353]]]]}}, {"type": "Feature", "properties": {"id": 1028.0, "left": 326527.85260646814, "top": 7321330.772710353, "right": 327527.85260646814, "bottom": 7320330.772710353, "row_index": 19.0, "col_index": 28.0}, "geometry": {"type": "MultiPolygon", "coordinates": [[[[326527.85260646814, 7321330.772710353], [327527.85260646814, 7321330.772710353], [327527.85260646814, 7320330.772710353], [326527.85260646814, 7320330.772710353], [326527.85260646814, 7321330.772710353]]]]}}, {"type": "Feature", "properties": {"id": 1029.0, "left": 326527.85260646814, "top": 7320330.772710353, "right": 327527.85260646814, "bottom": 7319330.772710353, "row_index": 20.0, "col_index": 28.0}, "geometry": {"type": "MultiPolygon", "coordinates": [[[[326527.85260646814, 7320330.772710353], [327527.85260646814, 7320330.772710353], [327527.85260646814, 7319330.772710353], [326527.85260646814, 7319330.772710353], [326527.85260646814, 7320330.772710353]]]]}}, {"type": "Feature", "properties": {"id": 1026.0, "left": 326527.85260646814, "top": 7323330.772710353, "right": 327527.85260646814, "bottom": 7322330.772710353, "row_index": 17.0, "col_index": 28.0}, "geometry": {"type": "MultiPolygon", "coordinates": [[[[326527.85260646814, 7323330.772710353], [327527.85260646814, 7323330.772710353], [327527.85260646814, 7322330.772710353], [326527.85260646814, 7322330.772710353], [326527.85260646814, 7323330.772710353]]]]}}, {"type": "Feature", "properties": {"id": 1027.0, "left": 326527.85260646814, "top": 7322330.772710353, "right": 327527.85260646814, "bottom": 7321330.772710353, "row_index": 18.0, "col_index": 28.0}, "geometry": {"type": "MultiPolygon", "coordinates": [[[[326527.85260646814, 7322330.772710353], [327527.85260646814, 7322330.772710353], [327527.85260646814, 7321330.772710353], [326527.85260646814, 7321330.772710353], [326527.85260646814, 7322330.772710353]]]]}}, {"type": "Feature", "properties": {"id": 1024.0, "left": 326527.85260646814, "top": 7325330.772710353, "right": 327527.85260646814, "bottom": 7324330.772710353, "row_index": 15.0, "col_index": 28.0}, "geometry": {"type": "MultiPolygon", "coordinates": [[[[326527.85260646814, 7325330.772710353], [327527.85260646814, 7325330.772710353], [327527.85260646814, 7324330.772710353], [326527.85260646814, 7324330.772710353], [326527.85260646814, 7325330.772710353]]]]}}, {"type": "Feature", "properties": {"id": 1025.0, "left": 326527.85260646814, "top": 7324330.772710353, "right": 327527.85260646814, "bottom": 7323330.772710353, "row_index": 16.0, "col_index": 28.0}, "geometry": {"type": "MultiPolygon", "coordinates": [[[[326527.85260646814, 7324330.772710353], [327527.85260646814, 7324330.772710353], [327527.85260646814, 7323330.772710353], [326527.85260646814, 7323330.772710353], [326527.85260646814, 7324330.772710353]]]]}}, {"type": "Feature", "properties": {"id": 52.0, "left": 299527.85260646814, "top": 7325330.772710353, "right": 300527.85260646814, "bottom": 7324330.772710353, "row_index": 15.0, "col_index": 1.0}, "geometry": {"type": "MultiPolygon", "coordinates": [[[[299527.85260646814, 7325330.772710353], [300527.85260646814, 7325330.772710353], [300527.85260646814, 7324330.772710353], [299527.85260646814, 7324330.772710353], [299527.85260646814, 7325330.772710353]]]]}}, {"type": "Feature", "properties": {"id": 50.0, "left": 299527.85260646814, "top": 7327330.772710353, "right": 300527.85260646814, "bottom": 7326330.772710353, "row_index": 13.0, "col_index": 1.0}, "geometry": {"type": "MultiPolygon", "coordinates": [[[[299527.85260646814, 7327330.772710353], [300527.85260646814, 7327330.772710353], [300527.85260646814, 7326330.772710353], [299527.85260646814, 7326330.772710353], [299527.85260646814, 7327330.772710353]]]]}}, {"type": "Feature", "properties": {"id": 51.0, "left": 299527.85260646814, "top": 7326330.772710353, "right": 300527.85260646814, "bottom": 7325330.772710353, "row_index": 14.0, "col_index": 1.0}, "geometry": {"type": "MultiPolygon", "coordinates": [[[[299527.85260646814, 7326330.772710353], [300527.85260646814, 7326330.772710353], [300527.85260646814, 7325330.772710353], [299527.85260646814, 7325330.772710353], [299527.85260646814, 7326330.772710353]]]]}}, {"type": "Feature", "properties": {"id": 1066.0, "left": 327527.85260646814, "top": 7319330.772710353, "right": 328527.85260646814, "bottom": 7318330.772710353, "row_index": 21.0, "col_index": 29.0}, "geometry": {"type": "MultiPolygon", "coordinates": [[[[327527.85260646814, 7319330.772710353], [328527.85260646814, 7319330.772710353], [328527.85260646814, 7318330.772710353], [327527.85260646814, 7318330.772710353], [327527.85260646814, 7319330.772710353]]]]}}, {"type": "Feature", "properties": {"id": 48.0, "left": 299527.85260646814, "top": 7329330.772710353, "right": 300527.85260646814, "bottom": 7328330.772710353, "row_index": 11.0, "col_index": 1.0}, "geometry": {"type": "MultiPolygon", "coordinates": [[[[299527.85260646814, 7329330.772710353], [300527.85260646814, 7329330.772710353], [300527.85260646814, 7328330.772710353], [299527.85260646814, 7328330.772710353], [299527.85260646814, 7329330.772710353]]]]}}, {"type": "Feature", "properties": {"id": 1067.0, "left": 327527.85260646814, "top": 7318330.772710353, "right": 328527.85260646814, "bottom": 7317330.772710353, "row_index": 22.0, "col_index": 29.0}, "geometry": {"type": "MultiPolygon", "coordinates": [[[[327527.85260646814, 7318330.772710353], [328527.85260646814, 7318330.772710353], [328527.85260646814, 7317330.772710353], [327527.85260646814, 7317330.772710353], [327527.85260646814, 7318330.772710353]]]]}}, {"type": "Feature", "properties": {"id": 49.0, "left": 299527.85260646814, "top": 7328330.772710353, "right": 300527.85260646814, "bottom": 7327330.772710353, "row_index": 12.0, "col_index": 1.0}, "geometry": {"type": "MultiPolygon", "coordinates": [[[[299527.85260646814, 7328330.772710353], [300527.85260646814, 7328330.772710353], [300527.85260646814, 7327330.772710353], [299527.85260646814, 7327330.772710353], [299527.85260646814, 7328330.772710353]]]]}}, {"type": "Feature", "properties": {"id": 1064.0, "left": 327527.85260646814, "top": 7321330.772710353, "right": 328527.85260646814, "bottom": 7320330.772710353, "row_index": 19.0, "col_index": 29.0}, "geometry": {"type": "MultiPolygon", "coordinates": [[[[327527.85260646814, 7321330.772710353], [328527.85260646814, 7321330.772710353], [328527.85260646814, 7320330.772710353], [327527.85260646814, 7320330.772710353], [327527.85260646814, 7321330.772710353]]]]}}, {"type": "Feature", "properties": {"id": 1065.0, "left": 327527.85260646814, "top": 7320330.772710353, "right": 328527.85260646814, "bottom": 7319330.772710353, "row_index": 20.0, "col_index": 29.0}, "geometry": {"type": "MultiPolygon", "coordinates": [[[[327527.85260646814, 7320330.772710353], [328527.85260646814, 7320330.772710353], [328527.85260646814, 7319330.772710353], [327527.85260646814, 7319330.772710353], [327527.85260646814, 7320330.772710353]]]]}}, {"type": "Feature", "properties": {"id": 1062.0, "left": 327527.85260646814, "top": 7323330.772710353, "right": 328527.85260646814, "bottom": 7322330.772710353, "row_index": 17.0, "col_index": 29.0}, "geometry": {"type": "MultiPolygon", "coordinates": [[[[327527.85260646814, 7323330.772710353], [328527.85260646814, 7323330.772710353], [328527.85260646814, 7322330.772710353], [327527.85260646814, 7322330.772710353], [327527.85260646814, 7323330.772710353]]]]}}, {"type": "Feature", "properties": {"id": 1063.0, "left": 327527.85260646814, "top": 7322330.772710353, "right": 328527.85260646814, "bottom": 7321330.772710353, "row_index": 18.0, "col_index": 29.0}, "geometry": {"type": "MultiPolygon", "coordinates": [[[[327527.85260646814, 7322330.772710353], [328527.85260646814, 7322330.772710353], [328527.85260646814, 7321330.772710353], [327527.85260646814, 7321330.772710353], [327527.85260646814, 7322330.772710353]]]]}}, {"type": "Feature", "properties": {"id": 1061.0, "left": 327527.85260646814, "top": 7324330.772710353, "right": 328527.85260646814, "bottom": 7323330.772710353, "row_index": 16.0, "col_index": 29.0}, "geometry": {"type": "MultiPolygon", "coordinates": [[[[327527.85260646814, 7324330.772710353], [328527.85260646814, 7324330.772710353], [328527.85260646814, 7323330.772710353], [327527.85260646814, 7323330.772710353], [327527.85260646814, 7324330.772710353]]]]}}, {"type": "Feature", "properties": {"id": 216.0, "left": 303527.85260646814, "top": 7305330.772710353, "right": 304527.85260646814, "bottom": 7304330.772710353, "row_index": 35.0, "col_index": 5.0}, "geometry": {"type": "MultiPolygon", "coordinates": [[[[303527.85260646814, 7305330.772710353], [304527.85260646814, 7305330.772710353], [304527.85260646814, 7304330.772710353], [303527.85260646814, 7304330.772710353], [303527.85260646814, 7305330.772710353]]]]}}, {"type": "Feature", "properties": {"id": 214.0, "left": 303527.85260646814, "top": 7307330.772710353, "right": 304527.85260646814, "bottom": 7306330.772710353, "row_index": 33.0, "col_index": 5.0}, "geometry": {"type": "MultiPolygon", "coordinates": [[[[303527.85260646814, 7307330.772710353], [304527.85260646814, 7307330.772710353], [304527.85260646814, 7306330.772710353], [303527.85260646814, 7306330.772710353], [303527.85260646814, 7307330.772710353]]]]}}, {"type": "Feature", "properties": {"id": 215.0, "left": 303527.85260646814, "top": 7306330.772710353, "right": 304527.85260646814, "bottom": 7305330.772710353, "row_index": 34.0, "col_index": 5.0}, "geometry": {"type": "MultiPolygon", "coordinates": [[[[303527.85260646814, 7306330.772710353], [304527.85260646814, 7306330.772710353], [304527.85260646814, 7305330.772710353], [303527.85260646814, 7305330.772710353], [303527.85260646814, 7306330.772710353]]]]}}, {"type": "Feature", "properties": {"id": 212.0, "left": 303527.85260646814, "top": 7309330.772710353, "right": 304527.85260646814, "bottom": 7308330.772710353, "row_index": 31.0, "col_index": 5.0}, "geometry": {"type": "MultiPolygon", "coordinates": [[[[303527.85260646814, 7309330.772710353], [304527.85260646814, 7309330.772710353], [304527.85260646814, 7308330.772710353], [303527.85260646814, 7308330.772710353], [303527.85260646814, 7309330.772710353]]]]}}, {"type": "Feature", "properties": {"id": 213.0, "left": 303527.85260646814, "top": 7308330.772710353, "right": 304527.85260646814, "bottom": 7307330.772710353, "row_index": 32.0, "col_index": 5.0}, "geometry": {"type": "MultiPolygon", "coordinates": [[[[303527.85260646814, 7308330.772710353], [304527.85260646814, 7308330.772710353], [304527.85260646814, 7307330.772710353], [303527.85260646814, 7307330.772710353], [303527.85260646814, 7308330.772710353]]]]}}, {"type": "Feature", "properties": {"id": 210.0, "left": 303527.85260646814, "top": 7311330.772710353, "right": 304527.85260646814, "bottom": 7310330.772710353, "row_index": 29.0, "col_index": 5.0}, "geometry": {"type": "MultiPolygon", "coordinates": [[[[303527.85260646814, 7311330.772710353], [304527.85260646814, 7311330.772710353], [304527.85260646814, 7310330.772710353], [303527.85260646814, 7310330.772710353], [303527.85260646814, 7311330.772710353]]]]}}, {"type": "Feature", "properties": {"id": 211.0, "left": 303527.85260646814, "top": 7310330.772710353, "right": 304527.85260646814, "bottom": 7309330.772710353, "row_index": 30.0, "col_index": 5.0}, "geometry": {"type": "MultiPolygon", "coordinates": [[[[303527.85260646814, 7310330.772710353], [304527.85260646814, 7310330.772710353], [304527.85260646814, 7309330.772710353], [303527.85260646814, 7309330.772710353], [303527.85260646814, 7310330.772710353]]]]}}, {"type": "Feature", "properties": {"id": 208.0, "left": 303527.85260646814, "top": 7313330.772710353, "right": 304527.85260646814, "bottom": 7312330.772710353, "row_index": 27.0, "col_index": 5.0}, "geometry": {"type": "MultiPolygon", "coordinates": [[[[303527.85260646814, 7313330.772710353], [304527.85260646814, 7313330.772710353], [304527.85260646814, 7312330.772710353], [303527.85260646814, 7312330.772710353], [303527.85260646814, 7313330.772710353]]]]}}, {"type": "Feature", "properties": {"id": 209.0, "left": 303527.85260646814, "top": 7312330.772710353, "right": 304527.85260646814, "bottom": 7311330.772710353, "row_index": 28.0, "col_index": 5.0}, "geometry": {"type": "MultiPolygon", "coordinates": [[[[303527.85260646814, 7312330.772710353], [304527.85260646814, 7312330.772710353], [304527.85260646814, 7311330.772710353], [303527.85260646814, 7311330.772710353], [303527.85260646814, 7312330.772710353]]]]}}, {"type": "Feature", "properties": {"id": 206.0, "left": 303527.85260646814, "top": 7315330.772710353, "right": 304527.85260646814, "bottom": 7314330.772710353, "row_index": 25.0, "col_index": 5.0}, "geometry": {"type": "MultiPolygon", "coordinates": [[[[303527.85260646814, 7315330.772710353], [304527.85260646814, 7315330.772710353], [304527.85260646814, 7314330.772710353], [303527.85260646814, 7314330.772710353], [303527.85260646814, 7315330.772710353]]]]}}, {"type": "Feature", "properties": {"id": 207.0, "left": 303527.85260646814, "top": 7314330.772710353, "right": 304527.85260646814, "bottom": 7313330.772710353, "row_index": 26.0, "col_index": 5.0}, "geometry": {"type": "MultiPolygon", "coordinates": [[[[303527.85260646814, 7314330.772710353], [304527.85260646814, 7314330.772710353], [304527.85260646814, 7313330.772710353], [303527.85260646814, 7313330.772710353], [303527.85260646814, 7314330.772710353]]]]}}, {"type": "Feature", "properties": {"id": 204.0, "left": 303527.85260646814, "top": 7317330.772710353, "right": 304527.85260646814, "bottom": 7316330.772710353, "row_index": 23.0, "col_index": 5.0}, "geometry": {"type": "MultiPolygon", "coordinates": [[[[303527.85260646814, 7317330.772710353], [304527.85260646814, 7317330.772710353], [304527.85260646814, 7316330.772710353], [303527.85260646814, 7316330.772710353], [303527.85260646814, 7317330.772710353]]]]}}, {"type": "Feature", "properties": {"id": 205.0, "left": 303527.85260646814, "top": 7316330.772710353, "right": 304527.85260646814, "bottom": 7315330.772710353, "row_index": 24.0, "col_index": 5.0}, "geometry": {"type": "MultiPolygon", "coordinates": [[[[303527.85260646814, 7316330.772710353], [304527.85260646814, 7316330.772710353], [304527.85260646814, 7315330.772710353], [303527.85260646814, 7315330.772710353], [303527.85260646814, 7316330.772710353]]]]}}, {"type": "Feature", "properties": {"id": 202.0, "left": 303527.85260646814, "top": 7319330.772710353, "right": 304527.85260646814, "bottom": 7318330.772710353, "row_index": 21.0, "col_index": 5.0}, "geometry": {"type": "MultiPolygon", "coordinates": [[[[303527.85260646814, 7319330.772710353], [304527.85260646814, 7319330.772710353], [304527.85260646814, 7318330.772710353], [303527.85260646814, 7318330.772710353], [303527.85260646814, 7319330.772710353]]]]}}, {"type": "Feature", "properties": {"id": 203.0, "left": 303527.85260646814, "top": 7318330.772710353, "right": 304527.85260646814, "bottom": 7317330.772710353, "row_index": 22.0, "col_index": 5.0}, "geometry": {"type": "MultiPolygon", "coordinates": [[[[303527.85260646814, 7318330.772710353], [304527.85260646814, 7318330.772710353], [304527.85260646814, 7317330.772710353], [303527.85260646814, 7317330.772710353], [303527.85260646814, 7318330.772710353]]]]}}, {"type": "Feature", "properties": {"id": 200.0, "left": 303527.85260646814, "top": 7321330.772710353, "right": 304527.85260646814, "bottom": 7320330.772710353, "row_index": 19.0, "col_index": 5.0}, "geometry": {"type": "MultiPolygon", "coordinates": [[[[303527.85260646814, 7321330.772710353], [304527.85260646814, 7321330.772710353], [304527.85260646814, 7320330.772710353], [303527.85260646814, 7320330.772710353], [303527.85260646814, 7321330.772710353]]]]}}, {"type": "Feature", "properties": {"id": 201.0, "left": 303527.85260646814, "top": 7320330.772710353, "right": 304527.85260646814, "bottom": 7319330.772710353, "row_index": 20.0, "col_index": 5.0}, "geometry": {"type": "MultiPolygon", "coordinates": [[[[303527.85260646814, 7320330.772710353], [304527.85260646814, 7320330.772710353], [304527.85260646814, 7319330.772710353], [303527.85260646814, 7319330.772710353], [303527.85260646814, 7320330.772710353]]]]}}, {"type": "Feature", "properties": {"id": 198.0, "left": 303527.85260646814, "top": 7323330.772710353, "right": 304527.85260646814, "bottom": 7322330.772710353, "row_index": 17.0, "col_index": 5.0}, "geometry": {"type": "MultiPolygon", "coordinates": [[[[303527.85260646814, 7323330.772710353], [304527.85260646814, 7323330.772710353], [304527.85260646814, 7322330.772710353], [303527.85260646814, 7322330.772710353], [303527.85260646814, 7323330.772710353]]]]}}, {"type": "Feature", "properties": {"id": 199.0, "left": 303527.85260646814, "top": 7322330.772710353, "right": 304527.85260646814, "bottom": 7321330.772710353, "row_index": 18.0, "col_index": 5.0}, "geometry": {"type": "MultiPolygon", "coordinates": [[[[303527.85260646814, 7322330.772710353], [304527.85260646814, 7322330.772710353], [304527.85260646814, 7321330.772710353], [303527.85260646814, 7321330.772710353], [303527.85260646814, 7322330.772710353]]]]}}, {"type": "Feature", "properties": {"id": 196.0, "left": 303527.85260646814, "top": 7325330.772710353, "right": 304527.85260646814, "bottom": 7324330.772710353, "row_index": 15.0, "col_index": 5.0}, "geometry": {"type": "MultiPolygon", "coordinates": [[[[303527.85260646814, 7325330.772710353], [304527.85260646814, 7325330.772710353], [304527.85260646814, 7324330.772710353], [303527.85260646814, 7324330.772710353], [303527.85260646814, 7325330.772710353]]]]}}, {"type": "Feature", "properties": {"id": 197.0, "left": 303527.85260646814, "top": 7324330.772710353, "right": 304527.85260646814, "bottom": 7323330.772710353, "row_index": 16.0, "col_index": 5.0}, "geometry": {"type": "MultiPolygon", "coordinates": [[[[303527.85260646814, 7324330.772710353], [304527.85260646814, 7324330.772710353], [304527.85260646814, 7323330.772710353], [303527.85260646814, 7323330.772710353], [303527.85260646814, 7324330.772710353]]]]}}, {"type": "Feature", "properties": {"id": 195.0, "left": 303527.85260646814, "top": 7326330.772710353, "right": 304527.85260646814, "bottom": 7325330.772710353, "row_index": 14.0, "col_index": 5.0}, "geometry": {"type": "MultiPolygon", "coordinates": [[[[303527.85260646814, 7326330.772710353], [304527.85260646814, 7326330.772710353], [304527.85260646814, 7325330.772710353], [303527.85260646814, 7325330.772710353], [303527.85260646814, 7326330.772710353]]]]}}, {"type": "Feature", "properties": {"id": 252.0, "left": 304527.85260646814, "top": 7305330.772710353, "right": 305527.85260646814, "bottom": 7304330.772710353, "row_index": 35.0, "col_index": 6.0}, "geometry": {"type": "MultiPolygon", "coordinates": [[[[304527.85260646814, 7305330.772710353], [305527.85260646814, 7305330.772710353], [305527.85260646814, 7304330.772710353], [304527.85260646814, 7304330.772710353], [304527.85260646814, 7305330.772710353]]]]}}, {"type": "Feature", "properties": {"id": 250.0, "left": 304527.85260646814, "top": 7307330.772710353, "right": 305527.85260646814, "bottom": 7306330.772710353, "row_index": 33.0, "col_index": 6.0}, "geometry": {"type": "MultiPolygon", "coordinates": [[[[304527.85260646814, 7307330.772710353], [305527.85260646814, 7307330.772710353], [305527.85260646814, 7306330.772710353], [304527.85260646814, 7306330.772710353], [304527.85260646814, 7307330.772710353]]]]}}, {"type": "Feature", "properties": {"id": 251.0, "left": 304527.85260646814, "top": 7306330.772710353, "right": 305527.85260646814, "bottom": 7305330.772710353, "row_index": 34.0, "col_index": 6.0}, "geometry": {"type": "MultiPolygon", "coordinates": [[[[304527.85260646814, 7306330.772710353], [305527.85260646814, 7306330.772710353], [305527.85260646814, 7305330.772710353], [304527.85260646814, 7305330.772710353], [304527.85260646814, 7306330.772710353]]]]}}, {"type": "Feature", "properties": {"id": 248.0, "left": 304527.85260646814, "top": 7309330.772710353, "right": 305527.85260646814, "bottom": 7308330.772710353, "row_index": 31.0, "col_index": 6.0}, "geometry": {"type": "MultiPolygon", "coordinates": [[[[304527.85260646814, 7309330.772710353], [305527.85260646814, 7309330.772710353], [305527.85260646814, 7308330.772710353], [304527.85260646814, 7308330.772710353], [304527.85260646814, 7309330.772710353]]]]}}, {"type": "Feature", "properties": {"id": 249.0, "left": 304527.85260646814, "top": 7308330.772710353, "right": 305527.85260646814, "bottom": 7307330.772710353, "row_index": 32.0, "col_index": 6.0}, "geometry": {"type": "MultiPolygon", "coordinates": [[[[304527.85260646814, 7308330.772710353], [305527.85260646814, 7308330.772710353], [305527.85260646814, 7307330.772710353], [304527.85260646814, 7307330.772710353], [304527.85260646814, 7308330.772710353]]]]}}, {"type": "Feature", "properties": {"id": 246.0, "left": 304527.85260646814, "top": 7311330.772710353, "right": 305527.85260646814, "bottom": 7310330.772710353, "row_index": 29.0, "col_index": 6.0}, "geometry": {"type": "MultiPolygon", "coordinates": [[[[304527.85260646814, 7311330.772710353], [305527.85260646814, 7311330.772710353], [305527.85260646814, 7310330.772710353], [304527.85260646814, 7310330.772710353], [304527.85260646814, 7311330.772710353]]]]}}, {"type": "Feature", "properties": {"id": 247.0, "left": 304527.85260646814, "top": 7310330.772710353, "right": 305527.85260646814, "bottom": 7309330.772710353, "row_index": 30.0, "col_index": 6.0}, "geometry": {"type": "MultiPolygon", "coordinates": [[[[304527.85260646814, 7310330.772710353], [305527.85260646814, 7310330.772710353], [305527.85260646814, 7309330.772710353], [304527.85260646814, 7309330.772710353], [304527.85260646814, 7310330.772710353]]]]}}, {"type": "Feature", "properties": {"id": 244.0, "left": 304527.85260646814, "top": 7313330.772710353, "right": 305527.85260646814, "bottom": 7312330.772710353, "row_index": 27.0, "col_index": 6.0}, "geometry": {"type": "MultiPolygon", "coordinates": [[[[304527.85260646814, 7313330.772710353], [305527.85260646814, 7313330.772710353], [305527.85260646814, 7312330.772710353], [304527.85260646814, 7312330.772710353], [304527.85260646814, 7313330.772710353]]]]}}, {"type": "Feature", "properties": {"id": 245.0, "left": 304527.85260646814, "top": 7312330.772710353, "right": 305527.85260646814, "bottom": 7311330.772710353, "row_index": 28.0, "col_index": 6.0}, "geometry": {"type": "MultiPolygon", "coordinates": [[[[304527.85260646814, 7312330.772710353], [305527.85260646814, 7312330.772710353], [305527.85260646814, 7311330.772710353], [304527.85260646814, 7311330.772710353], [304527.85260646814, 7312330.772710353]]]]}}, {"type": "Feature", "properties": {"id": 242.0, "left": 304527.85260646814, "top": 7315330.772710353, "right": 305527.85260646814, "bottom": 7314330.772710353, "row_index": 25.0, "col_index": 6.0}, "geometry": {"type": "MultiPolygon", "coordinates": [[[[304527.85260646814, 7315330.772710353], [305527.85260646814, 7315330.772710353], [305527.85260646814, 7314330.772710353], [304527.85260646814, 7314330.772710353], [304527.85260646814, 7315330.772710353]]]]}}, {"type": "Feature", "properties": {"id": 243.0, "left": 304527.85260646814, "top": 7314330.772710353, "right": 305527.85260646814, "bottom": 7313330.772710353, "row_index": 26.0, "col_index": 6.0}, "geometry": {"type": "MultiPolygon", "coordinates": [[[[304527.85260646814, 7314330.772710353], [305527.85260646814, 7314330.772710353], [305527.85260646814, 7313330.772710353], [304527.85260646814, 7313330.772710353], [304527.85260646814, 7314330.772710353]]]]}}, {"type": "Feature", "properties": {"id": 240.0, "left": 304527.85260646814, "top": 7317330.772710353, "right": 305527.85260646814, "bottom": 7316330.772710353, "row_index": 23.0, "col_index": 6.0}, "geometry": {"type": "MultiPolygon", "coordinates": [[[[304527.85260646814, 7317330.772710353], [305527.85260646814, 7317330.772710353], [305527.85260646814, 7316330.772710353], [304527.85260646814, 7316330.772710353], [304527.85260646814, 7317330.772710353]]]]}}, {"type": "Feature", "properties": {"id": 241.0, "left": 304527.85260646814, "top": 7316330.772710353, "right": 305527.85260646814, "bottom": 7315330.772710353, "row_index": 24.0, "col_index": 6.0}, "geometry": {"type": "MultiPolygon", "coordinates": [[[[304527.85260646814, 7316330.772710353], [305527.85260646814, 7316330.772710353], [305527.85260646814, 7315330.772710353], [304527.85260646814, 7315330.772710353], [304527.85260646814, 7316330.772710353]]]]}}, {"type": "Feature", "properties": {"id": 238.0, "left": 304527.85260646814, "top": 7319330.772710353, "right": 305527.85260646814, "bottom": 7318330.772710353, "row_index": 21.0, "col_index": 6.0}, "geometry": {"type": "MultiPolygon", "coordinates": [[[[304527.85260646814, 7319330.772710353], [305527.85260646814, 7319330.772710353], [305527.85260646814, 7318330.772710353], [304527.85260646814, 7318330.772710353], [304527.85260646814, 7319330.772710353]]]]}}, {"type": "Feature", "properties": {"id": 239.0, "left": 304527.85260646814, "top": 7318330.772710353, "right": 305527.85260646814, "bottom": 7317330.772710353, "row_index": 22.0, "col_index": 6.0}, "geometry": {"type": "MultiPolygon", "coordinates": [[[[304527.85260646814, 7318330.772710353], [305527.85260646814, 7318330.772710353], [305527.85260646814, 7317330.772710353], [304527.85260646814, 7317330.772710353], [304527.85260646814, 7318330.772710353]]]]}}, {"type": "Feature", "properties": {"id": 236.0, "left": 304527.85260646814, "top": 7321330.772710353, "right": 305527.85260646814, "bottom": 7320330.772710353, "row_index": 19.0, "col_index": 6.0}, "geometry": {"type": "MultiPolygon", "coordinates": [[[[304527.85260646814, 7321330.772710353], [305527.85260646814, 7321330.772710353], [305527.85260646814, 7320330.772710353], [304527.85260646814, 7320330.772710353], [304527.85260646814, 7321330.772710353]]]]}}, {"type": "Feature", "properties": {"id": 237.0, "left": 304527.85260646814, "top": 7320330.772710353, "right": 305527.85260646814, "bottom": 7319330.772710353, "row_index": 20.0, "col_index": 6.0}, "geometry": {"type": "MultiPolygon", "coordinates": [[[[304527.85260646814, 7320330.772710353], [305527.85260646814, 7320330.772710353], [305527.85260646814, 7319330.772710353], [304527.85260646814, 7319330.772710353], [304527.85260646814, 7320330.772710353]]]]}}, {"type": "Feature", "properties": {"id": 234.0, "left": 304527.85260646814, "top": 7323330.772710353, "right": 305527.85260646814, "bottom": 7322330.772710353, "row_index": 17.0, "col_index": 6.0}, "geometry": {"type": "MultiPolygon", "coordinates": [[[[304527.85260646814, 7323330.772710353], [305527.85260646814, 7323330.772710353], [305527.85260646814, 7322330.772710353], [304527.85260646814, 7322330.772710353], [304527.85260646814, 7323330.772710353]]]]}}, {"type": "Feature", "properties": {"id": 235.0, "left": 304527.85260646814, "top": 7322330.772710353, "right": 305527.85260646814, "bottom": 7321330.772710353, "row_index": 18.0, "col_index": 6.0}, "geometry": {"type": "MultiPolygon", "coordinates": [[[[304527.85260646814, 7322330.772710353], [305527.85260646814, 7322330.772710353], [305527.85260646814, 7321330.772710353], [304527.85260646814, 7321330.772710353], [304527.85260646814, 7322330.772710353]]]]}}, {"type": "Feature", "properties": {"id": 232.0, "left": 304527.85260646814, "top": 7325330.772710353, "right": 305527.85260646814, "bottom": 7324330.772710353, "row_index": 15.0, "col_index": 6.0}, "geometry": {"type": "MultiPolygon", "coordinates": [[[[304527.85260646814, 7325330.772710353], [305527.85260646814, 7325330.772710353], [305527.85260646814, 7324330.772710353], [304527.85260646814, 7324330.772710353], [304527.85260646814, 7325330.772710353]]]]}}, {"type": "Feature", "properties": {"id": 233.0, "left": 304527.85260646814, "top": 7324330.772710353, "right": 305527.85260646814, "bottom": 7323330.772710353, "row_index": 16.0, "col_index": 6.0}, "geometry": {"type": "MultiPolygon", "coordinates": [[[[304527.85260646814, 7324330.772710353], [305527.85260646814, 7324330.772710353], [305527.85260646814, 7323330.772710353], [304527.85260646814, 7323330.772710353], [304527.85260646814, 7324330.772710353]]]]}}, {"type": "Feature", "properties": {"id": 230.0, "left": 304527.85260646814, "top": 7327330.772710353, "right": 305527.85260646814, "bottom": 7326330.772710353, "row_index": 13.0, "col_index": 6.0}, "geometry": {"type": "MultiPolygon", "coordinates": [[[[304527.85260646814, 7327330.772710353], [305527.85260646814, 7327330.772710353], [305527.85260646814, 7326330.772710353], [304527.85260646814, 7326330.772710353], [304527.85260646814, 7327330.772710353]]]]}}, {"type": "Feature", "properties": {"id": 231.0, "left": 304527.85260646814, "top": 7326330.772710353, "right": 305527.85260646814, "bottom": 7325330.772710353, "row_index": 14.0, "col_index": 6.0}, "geometry": {"type": "MultiPolygon", "coordinates": [[[[304527.85260646814, 7326330.772710353], [305527.85260646814, 7326330.772710353], [305527.85260646814, 7325330.772710353], [304527.85260646814, 7325330.772710353], [304527.85260646814, 7326330.772710353]]]]}}, {"type": "Feature", "properties": {"id": 158.0, "left": 302527.85260646814, "top": 7327330.772710353, "right": 303527.85260646814, "bottom": 7326330.772710353, "row_index": 13.0, "col_index": 4.0}, "geometry": {"type": "MultiPolygon", "coordinates": [[[[302527.85260646814, 7327330.772710353], [303527.85260646814, 7327330.772710353], [303527.85260646814, 7326330.772710353], [302527.85260646814, 7326330.772710353], [302527.85260646814, 7327330.772710353]]]]}}, {"type": "Feature", "properties": {"id": 159.0, "left": 302527.85260646814, "top": 7326330.772710353, "right": 303527.85260646814, "bottom": 7325330.772710353, "row_index": 14.0, "col_index": 4.0}, "geometry": {"type": "MultiPolygon", "coordinates": [[[[302527.85260646814, 7326330.772710353], [303527.85260646814, 7326330.772710353], [303527.85260646814, 7325330.772710353], [302527.85260646814, 7325330.772710353], [302527.85260646814, 7326330.772710353]]]]}}, {"type": "Feature", "properties": {"id": 156.0, "left": 302527.85260646814, "top": 7329330.772710353, "right": 303527.85260646814, "bottom": 7328330.772710353, "row_index": 11.0, "col_index": 4.0}, "geometry": {"type": "MultiPolygon", "coordinates": [[[[302527.85260646814, 7329330.772710353], [303527.85260646814, 7329330.772710353], [303527.85260646814, 7328330.772710353], [302527.85260646814, 7328330.772710353], [302527.85260646814, 7329330.772710353]]]]}}, {"type": "Feature", "properties": {"id": 157.0, "left": 302527.85260646814, "top": 7328330.772710353, "right": 303527.85260646814, "bottom": 7327330.772710353, "row_index": 12.0, "col_index": 4.0}, "geometry": {"type": "MultiPolygon", "coordinates": [[[[302527.85260646814, 7328330.772710353], [303527.85260646814, 7328330.772710353], [303527.85260646814, 7327330.772710353], [302527.85260646814, 7327330.772710353], [302527.85260646814, 7328330.772710353]]]]}}, {"type": "Feature", "properties": {"id": 155.0, "left": 302527.85260646814, "top": 7330330.772710353, "right": 303527.85260646814, "bottom": 7329330.772710353, "row_index": 10.0, "col_index": 4.0}, "geometry": {"type": "MultiPolygon", "coordinates": [[[[302527.85260646814, 7330330.772710353], [303527.85260646814, 7330330.772710353], [303527.85260646814, 7329330.772710353], [302527.85260646814, 7329330.772710353], [302527.85260646814, 7330330.772710353]]]]}}, {"type": "Feature", "properties": {"id": 130.0, "left": 301527.85260646814, "top": 7319330.772710353, "right": 302527.85260646814, "bottom": 7318330.772710353, "row_index": 21.0, "col_index": 3.0}, "geometry": {"type": "MultiPolygon", "coordinates": [[[[301527.85260646814, 7319330.772710353], [302527.85260646814, 7319330.772710353], [302527.85260646814, 7318330.772710353], [301527.85260646814, 7318330.772710353], [301527.85260646814, 7319330.772710353]]]]}}, {"type": "Feature", "properties": {"id": 131.0, "left": 301527.85260646814, "top": 7318330.772710353, "right": 302527.85260646814, "bottom": 7317330.772710353, "row_index": 22.0, "col_index": 3.0}, "geometry": {"type": "MultiPolygon", "coordinates": [[[[301527.85260646814, 7318330.772710353], [302527.85260646814, 7318330.772710353], [302527.85260646814, 7317330.772710353], [301527.85260646814, 7317330.772710353], [301527.85260646814, 7318330.772710353]]]]}}, {"type": "Feature", "properties": {"id": 128.0, "left": 301527.85260646814, "top": 7321330.772710353, "right": 302527.85260646814, "bottom": 7320330.772710353, "row_index": 19.0, "col_index": 3.0}, "geometry": {"type": "MultiPolygon", "coordinates": [[[[301527.85260646814, 7321330.772710353], [302527.85260646814, 7321330.772710353], [302527.85260646814, 7320330.772710353], [301527.85260646814, 7320330.772710353], [301527.85260646814, 7321330.772710353]]]]}}, {"type": "Feature", "properties": {"id": 129.0, "left": 301527.85260646814, "top": 7320330.772710353, "right": 302527.85260646814, "bottom": 7319330.772710353, "row_index": 20.0, "col_index": 3.0}, "geometry": {"type": "MultiPolygon", "coordinates": [[[[301527.85260646814, 7320330.772710353], [302527.85260646814, 7320330.772710353], [302527.85260646814, 7319330.772710353], [301527.85260646814, 7319330.772710353], [301527.85260646814, 7320330.772710353]]]]}}, {"type": "Feature", "properties": {"id": 178.0, "left": 302527.85260646814, "top": 7307330.772710353, "right": 303527.85260646814, "bottom": 7306330.772710353, "row_index": 33.0, "col_index": 4.0}, "geometry": {"type": "MultiPolygon", "coordinates": [[[[302527.85260646814, 7307330.772710353], [303527.85260646814, 7307330.772710353], [303527.85260646814, 7306330.772710353], [302527.85260646814, 7306330.772710353], [302527.85260646814, 7307330.772710353]]]]}}, {"type": "Feature", "properties": {"id": 176.0, "left": 302527.85260646814, "top": 7309330.772710353, "right": 303527.85260646814, "bottom": 7308330.772710353, "row_index": 31.0, "col_index": 4.0}, "geometry": {"type": "MultiPolygon", "coordinates": [[[[302527.85260646814, 7309330.772710353], [303527.85260646814, 7309330.772710353], [303527.85260646814, 7308330.772710353], [302527.85260646814, 7308330.772710353], [302527.85260646814, 7309330.772710353]]]]}}, {"type": "Feature", "properties": {"id": 177.0, "left": 302527.85260646814, "top": 7308330.772710353, "right": 303527.85260646814, "bottom": 7307330.772710353, "row_index": 32.0, "col_index": 4.0}, "geometry": {"type": "MultiPolygon", "coordinates": [[[[302527.85260646814, 7308330.772710353], [303527.85260646814, 7308330.772710353], [303527.85260646814, 7307330.772710353], [302527.85260646814, 7307330.772710353], [302527.85260646814, 7308330.772710353]]]]}}, {"type": "Feature", "properties": {"id": 174.0, "left": 302527.85260646814, "top": 7311330.772710353, "right": 303527.85260646814, "bottom": 7310330.772710353, "row_index": 29.0, "col_index": 4.0}, "geometry": {"type": "MultiPolygon", "coordinates": [[[[302527.85260646814, 7311330.772710353], [303527.85260646814, 7311330.772710353], [303527.85260646814, 7310330.772710353], [302527.85260646814, 7310330.772710353], [302527.85260646814, 7311330.772710353]]]]}}, {"type": "Feature", "properties": {"id": 175.0, "left": 302527.85260646814, "top": 7310330.772710353, "right": 303527.85260646814, "bottom": 7309330.772710353, "row_index": 30.0, "col_index": 4.0}, "geometry": {"type": "MultiPolygon", "coordinates": [[[[302527.85260646814, 7310330.772710353], [303527.85260646814, 7310330.772710353], [303527.85260646814, 7309330.772710353], [302527.85260646814, 7309330.772710353], [302527.85260646814, 7310330.772710353]]]]}}, {"type": "Feature", "properties": {"id": 172.0, "left": 302527.85260646814, "top": 7313330.772710353, "right": 303527.85260646814, "bottom": 7312330.772710353, "row_index": 27.0, "col_index": 4.0}, "geometry": {"type": "MultiPolygon", "coordinates": [[[[302527.85260646814, 7313330.772710353], [303527.85260646814, 7313330.772710353], [303527.85260646814, 7312330.772710353], [302527.85260646814, 7312330.772710353], [302527.85260646814, 7313330.772710353]]]]}}, {"type": "Feature", "properties": {"id": 173.0, "left": 302527.85260646814, "top": 7312330.772710353, "right": 303527.85260646814, "bottom": 7311330.772710353, "row_index": 28.0, "col_index": 4.0}, "geometry": {"type": "MultiPolygon", "coordinates": [[[[302527.85260646814, 7312330.772710353], [303527.85260646814, 7312330.772710353], [303527.85260646814, 7311330.772710353], [302527.85260646814, 7311330.772710353], [302527.85260646814, 7312330.772710353]]]]}}, {"type": "Feature", "properties": {"id": 170.0, "left": 302527.85260646814, "top": 7315330.772710353, "right": 303527.85260646814, "bottom": 7314330.772710353, "row_index": 25.0, "col_index": 4.0}, "geometry": {"type": "MultiPolygon", "coordinates": [[[[302527.85260646814, 7315330.772710353], [303527.85260646814, 7315330.772710353], [303527.85260646814, 7314330.772710353], [302527.85260646814, 7314330.772710353], [302527.85260646814, 7315330.772710353]]]]}}, {"type": "Feature", "properties": {"id": 171.0, "left": 302527.85260646814, "top": 7314330.772710353, "right": 303527.85260646814, "bottom": 7313330.772710353, "row_index": 26.0, "col_index": 4.0}, "geometry": {"type": "MultiPolygon", "coordinates": [[[[302527.85260646814, 7314330.772710353], [303527.85260646814, 7314330.772710353], [303527.85260646814, 7313330.772710353], [302527.85260646814, 7313330.772710353], [302527.85260646814, 7314330.772710353]]]]}}, {"type": "Feature", "properties": {"id": 168.0, "left": 302527.85260646814, "top": 7317330.772710353, "right": 303527.85260646814, "bottom": 7316330.772710353, "row_index": 23.0, "col_index": 4.0}, "geometry": {"type": "MultiPolygon", "coordinates": [[[[302527.85260646814, 7317330.772710353], [303527.85260646814, 7317330.772710353], [303527.85260646814, 7316330.772710353], [302527.85260646814, 7316330.772710353], [302527.85260646814, 7317330.772710353]]]]}}, {"type": "Feature", "properties": {"id": 169.0, "left": 302527.85260646814, "top": 7316330.772710353, "right": 303527.85260646814, "bottom": 7315330.772710353, "row_index": 24.0, "col_index": 4.0}, "geometry": {"type": "MultiPolygon", "coordinates": [[[[302527.85260646814, 7316330.772710353], [303527.85260646814, 7316330.772710353], [303527.85260646814, 7315330.772710353], [302527.85260646814, 7315330.772710353], [302527.85260646814, 7316330.772710353]]]]}}, {"type": "Feature", "properties": {"id": 166.0, "left": 302527.85260646814, "top": 7319330.772710353, "right": 303527.85260646814, "bottom": 7318330.772710353, "row_index": 21.0, "col_index": 4.0}, "geometry": {"type": "MultiPolygon", "coordinates": [[[[302527.85260646814, 7319330.772710353], [303527.85260646814, 7319330.772710353], [303527.85260646814, 7318330.772710353], [302527.85260646814, 7318330.772710353], [302527.85260646814, 7319330.772710353]]]]}}, {"type": "Feature", "properties": {"id": 167.0, "left": 302527.85260646814, "top": 7318330.772710353, "right": 303527.85260646814, "bottom": 7317330.772710353, "row_index": 22.0, "col_index": 4.0}, "geometry": {"type": "MultiPolygon", "coordinates": [[[[302527.85260646814, 7318330.772710353], [303527.85260646814, 7318330.772710353], [303527.85260646814, 7317330.772710353], [302527.85260646814, 7317330.772710353], [302527.85260646814, 7318330.772710353]]]]}}, {"type": "Feature", "properties": {"id": 164.0, "left": 302527.85260646814, "top": 7321330.772710353, "right": 303527.85260646814, "bottom": 7320330.772710353, "row_index": 19.0, "col_index": 4.0}, "geometry": {"type": "MultiPolygon", "coordinates": [[[[302527.85260646814, 7321330.772710353], [303527.85260646814, 7321330.772710353], [303527.85260646814, 7320330.772710353], [302527.85260646814, 7320330.772710353], [302527.85260646814, 7321330.772710353]]]]}}, {"type": "Feature", "properties": {"id": 165.0, "left": 302527.85260646814, "top": 7320330.772710353, "right": 303527.85260646814, "bottom": 7319330.772710353, "row_index": 20.0, "col_index": 4.0}, "geometry": {"type": "MultiPolygon", "coordinates": [[[[302527.85260646814, 7320330.772710353], [303527.85260646814, 7320330.772710353], [303527.85260646814, 7319330.772710353], [302527.85260646814, 7319330.772710353], [302527.85260646814, 7320330.772710353]]]]}}, {"type": "Feature", "properties": {"id": 162.0, "left": 302527.85260646814, "top": 7323330.772710353, "right": 303527.85260646814, "bottom": 7322330.772710353, "row_index": 17.0, "col_index": 4.0}, "geometry": {"type": "MultiPolygon", "coordinates": [[[[302527.85260646814, 7323330.772710353], [303527.85260646814, 7323330.772710353], [303527.85260646814, 7322330.772710353], [302527.85260646814, 7322330.772710353], [302527.85260646814, 7323330.772710353]]]]}}, {"type": "Feature", "properties": {"id": 163.0, "left": 302527.85260646814, "top": 7322330.772710353, "right": 303527.85260646814, "bottom": 7321330.772710353, "row_index": 18.0, "col_index": 4.0}, "geometry": {"type": "MultiPolygon", "coordinates": [[[[302527.85260646814, 7322330.772710353], [303527.85260646814, 7322330.772710353], [303527.85260646814, 7321330.772710353], [302527.85260646814, 7321330.772710353], [302527.85260646814, 7322330.772710353]]]]}}, {"type": "Feature", "properties": {"id": 160.0, "left": 302527.85260646814, "top": 7325330.772710353, "right": 303527.85260646814, "bottom": 7324330.772710353, "row_index": 15.0, "col_index": 4.0}, "geometry": {"type": "MultiPolygon", "coordinates": [[[[302527.85260646814, 7325330.772710353], [303527.85260646814, 7325330.772710353], [303527.85260646814, 7324330.772710353], [302527.85260646814, 7324330.772710353], [302527.85260646814, 7325330.772710353]]]]}}, {"type": "Feature", "properties": {"id": 161.0, "left": 302527.85260646814, "top": 7324330.772710353, "right": 303527.85260646814, "bottom": 7323330.772710353, "row_index": 16.0, "col_index": 4.0}, "geometry": {"type": "MultiPolygon", "coordinates": [[[[302527.85260646814, 7324330.772710353], [303527.85260646814, 7324330.772710353], [303527.85260646814, 7323330.772710353], [302527.85260646814, 7323330.772710353], [302527.85260646814, 7324330.772710353]]]]}}, {"type": "Feature", "properties": {"id": 860.0, "left": 321527.85260646814, "top": 7309330.772710353, "right": 322527.85260646814, "bottom": 7308330.772710353, "row_index": 31.0, "col_index": 23.0}, "geometry": {"type": "MultiPolygon", "coordinates": [[[[321527.85260646814, 7309330.772710353], [322527.85260646814, 7309330.772710353], [322527.85260646814, 7308330.772710353], [321527.85260646814, 7308330.772710353], [321527.85260646814, 7309330.772710353]]]]}}, {"type": "Feature", "properties": {"id": 858.0, "left": 321527.85260646814, "top": 7311330.772710353, "right": 322527.85260646814, "bottom": 7310330.772710353, "row_index": 29.0, "col_index": 23.0}, "geometry": {"type": "MultiPolygon", "coordinates": [[[[321527.85260646814, 7311330.772710353], [322527.85260646814, 7311330.772710353], [322527.85260646814, 7310330.772710353], [321527.85260646814, 7310330.772710353], [321527.85260646814, 7311330.772710353]]]]}}, {"type": "Feature", "properties": {"id": 859.0, "left": 321527.85260646814, "top": 7310330.772710353, "right": 322527.85260646814, "bottom": 7309330.772710353, "row_index": 30.0, "col_index": 23.0}, "geometry": {"type": "MultiPolygon", "coordinates": [[[[321527.85260646814, 7310330.772710353], [322527.85260646814, 7310330.772710353], [322527.85260646814, 7309330.772710353], [321527.85260646814, 7309330.772710353], [321527.85260646814, 7310330.772710353]]]]}}, {"type": "Feature", "properties": {"id": 856.0, "left": 321527.85260646814, "top": 7313330.772710353, "right": 322527.85260646814, "bottom": 7312330.772710353, "row_index": 27.0, "col_index": 23.0}, "geometry": {"type": "MultiPolygon", "coordinates": [[[[321527.85260646814, 7313330.772710353], [322527.85260646814, 7313330.772710353], [322527.85260646814, 7312330.772710353], [321527.85260646814, 7312330.772710353], [321527.85260646814, 7313330.772710353]]]]}}, {"type": "Feature", "properties": {"id": 857.0, "left": 321527.85260646814, "top": 7312330.772710353, "right": 322527.85260646814, "bottom": 7311330.772710353, "row_index": 28.0, "col_index": 23.0}, "geometry": {"type": "MultiPolygon", "coordinates": [[[[321527.85260646814, 7312330.772710353], [322527.85260646814, 7312330.772710353], [322527.85260646814, 7311330.772710353], [321527.85260646814, 7311330.772710353], [321527.85260646814, 7312330.772710353]]]]}}, {"type": "Feature", "properties": {"id": 854.0, "left": 321527.85260646814, "top": 7315330.772710353, "right": 322527.85260646814, "bottom": 7314330.772710353, "row_index": 25.0, "col_index": 23.0}, "geometry": {"type": "MultiPolygon", "coordinates": [[[[321527.85260646814, 7315330.772710353], [322527.85260646814, 7315330.772710353], [322527.85260646814, 7314330.772710353], [321527.85260646814, 7314330.772710353], [321527.85260646814, 7315330.772710353]]]]}}, {"type": "Feature", "properties": {"id": 855.0, "left": 321527.85260646814, "top": 7314330.772710353, "right": 322527.85260646814, "bottom": 7313330.772710353, "row_index": 26.0, "col_index": 23.0}, "geometry": {"type": "MultiPolygon", "coordinates": [[[[321527.85260646814, 7314330.772710353], [322527.85260646814, 7314330.772710353], [322527.85260646814, 7313330.772710353], [321527.85260646814, 7313330.772710353], [321527.85260646814, 7314330.772710353]]]]}}, {"type": "Feature", "properties": {"id": 852.0, "left": 321527.85260646814, "top": 7317330.772710353, "right": 322527.85260646814, "bottom": 7316330.772710353, "row_index": 23.0, "col_index": 23.0}, "geometry": {"type": "MultiPolygon", "coordinates": [[[[321527.85260646814, 7317330.772710353], [322527.85260646814, 7317330.772710353], [322527.85260646814, 7316330.772710353], [321527.85260646814, 7316330.772710353], [321527.85260646814, 7317330.772710353]]]]}}, {"type": "Feature", "properties": {"id": 853.0, "left": 321527.85260646814, "top": 7316330.772710353, "right": 322527.85260646814, "bottom": 7315330.772710353, "row_index": 24.0, "col_index": 23.0}, "geometry": {"type": "MultiPolygon", "coordinates": [[[[321527.85260646814, 7316330.772710353], [322527.85260646814, 7316330.772710353], [322527.85260646814, 7315330.772710353], [321527.85260646814, 7315330.772710353], [321527.85260646814, 7316330.772710353]]]]}}, {"type": "Feature", "properties": {"id": 850.0, "left": 321527.85260646814, "top": 7319330.772710353, "right": 322527.85260646814, "bottom": 7318330.772710353, "row_index": 21.0, "col_index": 23.0}, "geometry": {"type": "MultiPolygon", "coordinates": [[[[321527.85260646814, 7319330.772710353], [322527.85260646814, 7319330.772710353], [322527.85260646814, 7318330.772710353], [321527.85260646814, 7318330.772710353], [321527.85260646814, 7319330.772710353]]]]}}, {"type": "Feature", "properties": {"id": 851.0, "left": 321527.85260646814, "top": 7318330.772710353, "right": 322527.85260646814, "bottom": 7317330.772710353, "row_index": 22.0, "col_index": 23.0}, "geometry": {"type": "MultiPolygon", "coordinates": [[[[321527.85260646814, 7318330.772710353], [322527.85260646814, 7318330.772710353], [322527.85260646814, 7317330.772710353], [321527.85260646814, 7317330.772710353], [321527.85260646814, 7318330.772710353]]]]}}, {"type": "Feature", "properties": {"id": 848.0, "left": 321527.85260646814, "top": 7321330.772710353, "right": 322527.85260646814, "bottom": 7320330.772710353, "row_index": 19.0, "col_index": 23.0}, "geometry": {"type": "MultiPolygon", "coordinates": [[[[321527.85260646814, 7321330.772710353], [322527.85260646814, 7321330.772710353], [322527.85260646814, 7320330.772710353], [321527.85260646814, 7320330.772710353], [321527.85260646814, 7321330.772710353]]]]}}, {"type": "Feature", "properties": {"id": 849.0, "left": 321527.85260646814, "top": 7320330.772710353, "right": 322527.85260646814, "bottom": 7319330.772710353, "row_index": 20.0, "col_index": 23.0}, "geometry": {"type": "MultiPolygon", "coordinates": [[[[321527.85260646814, 7320330.772710353], [322527.85260646814, 7320330.772710353], [322527.85260646814, 7319330.772710353], [321527.85260646814, 7319330.772710353], [321527.85260646814, 7320330.772710353]]]]}}, {"type": "Feature", "properties": {"id": 846.0, "left": 321527.85260646814, "top": 7323330.772710353, "right": 322527.85260646814, "bottom": 7322330.772710353, "row_index": 17.0, "col_index": 23.0}, "geometry": {"type": "MultiPolygon", "coordinates": [[[[321527.85260646814, 7323330.772710353], [322527.85260646814, 7323330.772710353], [322527.85260646814, 7322330.772710353], [321527.85260646814, 7322330.772710353], [321527.85260646814, 7323330.772710353]]]]}}, {"type": "Feature", "properties": {"id": 847.0, "left": 321527.85260646814, "top": 7322330.772710353, "right": 322527.85260646814, "bottom": 7321330.772710353, "row_index": 18.0, "col_index": 23.0}, "geometry": {"type": "MultiPolygon", "coordinates": [[[[321527.85260646814, 7322330.772710353], [322527.85260646814, 7322330.772710353], [322527.85260646814, 7321330.772710353], [321527.85260646814, 7321330.772710353], [321527.85260646814, 7322330.772710353]]]]}}, {"type": "Feature", "properties": {"id": 844.0, "left": 321527.85260646814, "top": 7325330.772710353, "right": 322527.85260646814, "bottom": 7324330.772710353, "row_index": 15.0, "col_index": 23.0}, "geometry": {"type": "MultiPolygon", "coordinates": [[[[321527.85260646814, 7325330.772710353], [322527.85260646814, 7325330.772710353], [322527.85260646814, 7324330.772710353], [321527.85260646814, 7324330.772710353], [321527.85260646814, 7325330.772710353]]]]}}, {"type": "Feature", "properties": {"id": 845.0, "left": 321527.85260646814, "top": 7324330.772710353, "right": 322527.85260646814, "bottom": 7323330.772710353, "row_index": 16.0, "col_index": 23.0}, "geometry": {"type": "MultiPolygon", "coordinates": [[[[321527.85260646814, 7324330.772710353], [322527.85260646814, 7324330.772710353], [322527.85260646814, 7323330.772710353], [321527.85260646814, 7323330.772710353], [321527.85260646814, 7324330.772710353]]]]}}, {"type": "Feature", "properties": {"id": 842.0, "left": 321527.85260646814, "top": 7327330.772710353, "right": 322527.85260646814, "bottom": 7326330.772710353, "row_index": 13.0, "col_index": 23.0}, "geometry": {"type": "MultiPolygon", "coordinates": [[[[321527.85260646814, 7327330.772710353], [322527.85260646814, 7327330.772710353], [322527.85260646814, 7326330.772710353], [321527.85260646814, 7326330.772710353], [321527.85260646814, 7327330.772710353]]]]}}, {"type": "Feature", "properties": {"id": 843.0, "left": 321527.85260646814, "top": 7326330.772710353, "right": 322527.85260646814, "bottom": 7325330.772710353, "row_index": 14.0, "col_index": 23.0}, "geometry": {"type": "MultiPolygon", "coordinates": [[[[321527.85260646814, 7326330.772710353], [322527.85260646814, 7326330.772710353], [322527.85260646814, 7325330.772710353], [321527.85260646814, 7325330.772710353], [321527.85260646814, 7326330.772710353]]]]}}, {"type": "Feature", "properties": {"id": 840.0, "left": 321527.85260646814, "top": 7329330.772710353, "right": 322527.85260646814, "bottom": 7328330.772710353, "row_index": 11.0, "col_index": 23.0}, "geometry": {"type": "MultiPolygon", "coordinates": [[[[321527.85260646814, 7329330.772710353], [322527.85260646814, 7329330.772710353], [322527.85260646814, 7328330.772710353], [321527.85260646814, 7328330.772710353], [321527.85260646814, 7329330.772710353]]]]}}, {"type": "Feature", "properties": {"id": 841.0, "left": 321527.85260646814, "top": 7328330.772710353, "right": 322527.85260646814, "bottom": 7327330.772710353, "row_index": 12.0, "col_index": 23.0}, "geometry": {"type": "MultiPolygon", "coordinates": [[[[321527.85260646814, 7328330.772710353], [322527.85260646814, 7328330.772710353], [322527.85260646814, 7327330.772710353], [321527.85260646814, 7327330.772710353], [321527.85260646814, 7328330.772710353]]]]}}, {"type": "Feature", "properties": {"id": 838.0, "left": 321527.85260646814, "top": 7331330.772710353, "right": 322527.85260646814, "bottom": 7330330.772710353, "row_index": 9.0, "col_index": 23.0}, "geometry": {"type": "MultiPolygon", "coordinates": [[[[321527.85260646814, 7331330.772710353], [322527.85260646814, 7331330.772710353], [322527.85260646814, 7330330.772710353], [321527.85260646814, 7330330.772710353], [321527.85260646814, 7331330.772710353]]]]}}, {"type": "Feature", "properties": {"id": 839.0, "left": 321527.85260646814, "top": 7330330.772710353, "right": 322527.85260646814, "bottom": 7329330.772710353, "row_index": 10.0, "col_index": 23.0}, "geometry": {"type": "MultiPolygon", "coordinates": [[[[321527.85260646814, 7330330.772710353], [322527.85260646814, 7330330.772710353], [322527.85260646814, 7329330.772710353], [321527.85260646814, 7329330.772710353], [321527.85260646814, 7330330.772710353]]]]}}, {"type": "Feature", "properties": {"id": 836.0, "left": 321527.85260646814, "top": 7333330.772710353, "right": 322527.85260646814, "bottom": 7332330.772710353, "row_index": 7.0, "col_index": 23.0}, "geometry": {"type": "MultiPolygon", "coordinates": [[[[321527.85260646814, 7333330.772710353], [322527.85260646814, 7333330.772710353], [322527.85260646814, 7332330.772710353], [321527.85260646814, 7332330.772710353], [321527.85260646814, 7333330.772710353]]]]}}, {"type": "Feature", "properties": {"id": 837.0, "left": 321527.85260646814, "top": 7332330.772710353, "right": 322527.85260646814, "bottom": 7331330.772710353, "row_index": 8.0, "col_index": 23.0}, "geometry": {"type": "MultiPolygon", "coordinates": [[[[321527.85260646814, 7332330.772710353], [322527.85260646814, 7332330.772710353], [322527.85260646814, 7331330.772710353], [321527.85260646814, 7331330.772710353], [321527.85260646814, 7332330.772710353]]]]}}, {"type": "Feature", "properties": {"id": 834.0, "left": 321527.85260646814, "top": 7335330.772710353, "right": 322527.85260646814, "bottom": 7334330.772710353, "row_index": 5.0, "col_index": 23.0}, "geometry": {"type": "MultiPolygon", "coordinates": [[[[321527.85260646814, 7335330.772710353], [322527.85260646814, 7335330.772710353], [322527.85260646814, 7334330.772710353], [321527.85260646814, 7334330.772710353], [321527.85260646814, 7335330.772710353]]]]}}, {"type": "Feature", "properties": {"id": 835.0, "left": 321527.85260646814, "top": 7334330.772710353, "right": 322527.85260646814, "bottom": 7333330.772710353, "row_index": 6.0, "col_index": 23.0}, "geometry": {"type": "MultiPolygon", "coordinates": [[[[321527.85260646814, 7334330.772710353], [322527.85260646814, 7334330.772710353], [322527.85260646814, 7333330.772710353], [321527.85260646814, 7333330.772710353], [321527.85260646814, 7334330.772710353]]]]}}, {"type": "Feature", "properties": {"id": 833.0, "left": 321527.85260646814, "top": 7336330.772710353, "right": 322527.85260646814, "bottom": 7335330.772710353, "row_index": 4.0, "col_index": 23.0}, "geometry": {"type": "MultiPolygon", "coordinates": [[[[321527.85260646814, 7336330.772710353], [322527.85260646814, 7336330.772710353], [322527.85260646814, 7335330.772710353], [321527.85260646814, 7335330.772710353], [321527.85260646814, 7336330.772710353]]]]}}, {"type": "Feature", "properties": {"id": 894.0, "left": 322527.85260646814, "top": 7311330.772710353, "right": 323527.85260646814, "bottom": 7310330.772710353, "row_index": 29.0, "col_index": 24.0}, "geometry": {"type": "MultiPolygon", "coordinates": [[[[322527.85260646814, 7311330.772710353], [323527.85260646814, 7311330.772710353], [323527.85260646814, 7310330.772710353], [322527.85260646814, 7310330.772710353], [322527.85260646814, 7311330.772710353]]]]}}, {"type": "Feature", "properties": {"id": 895.0, "left": 322527.85260646814, "top": 7310330.772710353, "right": 323527.85260646814, "bottom": 7309330.772710353, "row_index": 30.0, "col_index": 24.0}, "geometry": {"type": "MultiPolygon", "coordinates": [[[[322527.85260646814, 7310330.772710353], [323527.85260646814, 7310330.772710353], [323527.85260646814, 7309330.772710353], [322527.85260646814, 7309330.772710353], [322527.85260646814, 7310330.772710353]]]]}}, {"type": "Feature", "properties": {"id": 892.0, "left": 322527.85260646814, "top": 7313330.772710353, "right": 323527.85260646814, "bottom": 7312330.772710353, "row_index": 27.0, "col_index": 24.0}, "geometry": {"type": "MultiPolygon", "coordinates": [[[[322527.85260646814, 7313330.772710353], [323527.85260646814, 7313330.772710353], [323527.85260646814, 7312330.772710353], [322527.85260646814, 7312330.772710353], [322527.85260646814, 7313330.772710353]]]]}}, {"type": "Feature", "properties": {"id": 893.0, "left": 322527.85260646814, "top": 7312330.772710353, "right": 323527.85260646814, "bottom": 7311330.772710353, "row_index": 28.0, "col_index": 24.0}, "geometry": {"type": "MultiPolygon", "coordinates": [[[[322527.85260646814, 7312330.772710353], [323527.85260646814, 7312330.772710353], [323527.85260646814, 7311330.772710353], [322527.85260646814, 7311330.772710353], [322527.85260646814, 7312330.772710353]]]]}}, {"type": "Feature", "properties": {"id": 890.0, "left": 322527.85260646814, "top": 7315330.772710353, "right": 323527.85260646814, "bottom": 7314330.772710353, "row_index": 25.0, "col_index": 24.0}, "geometry": {"type": "MultiPolygon", "coordinates": [[[[322527.85260646814, 7315330.772710353], [323527.85260646814, 7315330.772710353], [323527.85260646814, 7314330.772710353], [322527.85260646814, 7314330.772710353], [322527.85260646814, 7315330.772710353]]]]}}, {"type": "Feature", "properties": {"id": 891.0, "left": 322527.85260646814, "top": 7314330.772710353, "right": 323527.85260646814, "bottom": 7313330.772710353, "row_index": 26.0, "col_index": 24.0}, "geometry": {"type": "MultiPolygon", "coordinates": [[[[322527.85260646814, 7314330.772710353], [323527.85260646814, 7314330.772710353], [323527.85260646814, 7313330.772710353], [322527.85260646814, 7313330.772710353], [322527.85260646814, 7314330.772710353]]]]}}, {"type": "Feature", "properties": {"id": 888.0, "left": 322527.85260646814, "top": 7317330.772710353, "right": 323527.85260646814, "bottom": 7316330.772710353, "row_index": 23.0, "col_index": 24.0}, "geometry": {"type": "MultiPolygon", "coordinates": [[[[322527.85260646814, 7317330.772710353], [323527.85260646814, 7317330.772710353], [323527.85260646814, 7316330.772710353], [322527.85260646814, 7316330.772710353], [322527.85260646814, 7317330.772710353]]]]}}, {"type": "Feature", "properties": {"id": 889.0, "left": 322527.85260646814, "top": 7316330.772710353, "right": 323527.85260646814, "bottom": 7315330.772710353, "row_index": 24.0, "col_index": 24.0}, "geometry": {"type": "MultiPolygon", "coordinates": [[[[322527.85260646814, 7316330.772710353], [323527.85260646814, 7316330.772710353], [323527.85260646814, 7315330.772710353], [322527.85260646814, 7315330.772710353], [322527.85260646814, 7316330.772710353]]]]}}, {"type": "Feature", "properties": {"id": 886.0, "left": 322527.85260646814, "top": 7319330.772710353, "right": 323527.85260646814, "bottom": 7318330.772710353, "row_index": 21.0, "col_index": 24.0}, "geometry": {"type": "MultiPolygon", "coordinates": [[[[322527.85260646814, 7319330.772710353], [323527.85260646814, 7319330.772710353], [323527.85260646814, 7318330.772710353], [322527.85260646814, 7318330.772710353], [322527.85260646814, 7319330.772710353]]]]}}, {"type": "Feature", "properties": {"id": 887.0, "left": 322527.85260646814, "top": 7318330.772710353, "right": 323527.85260646814, "bottom": 7317330.772710353, "row_index": 22.0, "col_index": 24.0}, "geometry": {"type": "MultiPolygon", "coordinates": [[[[322527.85260646814, 7318330.772710353], [323527.85260646814, 7318330.772710353], [323527.85260646814, 7317330.772710353], [322527.85260646814, 7317330.772710353], [322527.85260646814, 7318330.772710353]]]]}}, {"type": "Feature", "properties": {"id": 884.0, "left": 322527.85260646814, "top": 7321330.772710353, "right": 323527.85260646814, "bottom": 7320330.772710353, "row_index": 19.0, "col_index": 24.0}, "geometry": {"type": "MultiPolygon", "coordinates": [[[[322527.85260646814, 7321330.772710353], [323527.85260646814, 7321330.772710353], [323527.85260646814, 7320330.772710353], [322527.85260646814, 7320330.772710353], [322527.85260646814, 7321330.772710353]]]]}}, {"type": "Feature", "properties": {"id": 885.0, "left": 322527.85260646814, "top": 7320330.772710353, "right": 323527.85260646814, "bottom": 7319330.772710353, "row_index": 20.0, "col_index": 24.0}, "geometry": {"type": "MultiPolygon", "coordinates": [[[[322527.85260646814, 7320330.772710353], [323527.85260646814, 7320330.772710353], [323527.85260646814, 7319330.772710353], [322527.85260646814, 7319330.772710353], [322527.85260646814, 7320330.772710353]]]]}}, {"type": "Feature", "properties": {"id": 882.0, "left": 322527.85260646814, "top": 7323330.772710353, "right": 323527.85260646814, "bottom": 7322330.772710353, "row_index": 17.0, "col_index": 24.0}, "geometry": {"type": "MultiPolygon", "coordinates": [[[[322527.85260646814, 7323330.772710353], [323527.85260646814, 7323330.772710353], [323527.85260646814, 7322330.772710353], [322527.85260646814, 7322330.772710353], [322527.85260646814, 7323330.772710353]]]]}}, {"type": "Feature", "properties": {"id": 883.0, "left": 322527.85260646814, "top": 7322330.772710353, "right": 323527.85260646814, "bottom": 7321330.772710353, "row_index": 18.0, "col_index": 24.0}, "geometry": {"type": "MultiPolygon", "coordinates": [[[[322527.85260646814, 7322330.772710353], [323527.85260646814, 7322330.772710353], [323527.85260646814, 7321330.772710353], [322527.85260646814, 7321330.772710353], [322527.85260646814, 7322330.772710353]]]]}}, {"type": "Feature", "properties": {"id": 880.0, "left": 322527.85260646814, "top": 7325330.772710353, "right": 323527.85260646814, "bottom": 7324330.772710353, "row_index": 15.0, "col_index": 24.0}, "geometry": {"type": "MultiPolygon", "coordinates": [[[[322527.85260646814, 7325330.772710353], [323527.85260646814, 7325330.772710353], [323527.85260646814, 7324330.772710353], [322527.85260646814, 7324330.772710353], [322527.85260646814, 7325330.772710353]]]]}}, {"type": "Feature", "properties": {"id": 881.0, "left": 322527.85260646814, "top": 7324330.772710353, "right": 323527.85260646814, "bottom": 7323330.772710353, "row_index": 16.0, "col_index": 24.0}, "geometry": {"type": "MultiPolygon", "coordinates": [[[[322527.85260646814, 7324330.772710353], [323527.85260646814, 7324330.772710353], [323527.85260646814, 7323330.772710353], [322527.85260646814, 7323330.772710353], [322527.85260646814, 7324330.772710353]]]]}}, {"type": "Feature", "properties": {"id": 878.0, "left": 322527.85260646814, "top": 7327330.772710353, "right": 323527.85260646814, "bottom": 7326330.772710353, "row_index": 13.0, "col_index": 24.0}, "geometry": {"type": "MultiPolygon", "coordinates": [[[[322527.85260646814, 7327330.772710353], [323527.85260646814, 7327330.772710353], [323527.85260646814, 7326330.772710353], [322527.85260646814, 7326330.772710353], [322527.85260646814, 7327330.772710353]]]]}}, {"type": "Feature", "properties": {"id": 879.0, "left": 322527.85260646814, "top": 7326330.772710353, "right": 323527.85260646814, "bottom": 7325330.772710353, "row_index": 14.0, "col_index": 24.0}, "geometry": {"type": "MultiPolygon", "coordinates": [[[[322527.85260646814, 7326330.772710353], [323527.85260646814, 7326330.772710353], [323527.85260646814, 7325330.772710353], [322527.85260646814, 7325330.772710353], [322527.85260646814, 7326330.772710353]]]]}}, {"type": "Feature", "properties": {"id": 876.0, "left": 322527.85260646814, "top": 7329330.772710353, "right": 323527.85260646814, "bottom": 7328330.772710353, "row_index": 11.0, "col_index": 24.0}, "geometry": {"type": "MultiPolygon", "coordinates": [[[[322527.85260646814, 7329330.772710353], [323527.85260646814, 7329330.772710353], [323527.85260646814, 7328330.772710353], [322527.85260646814, 7328330.772710353], [322527.85260646814, 7329330.772710353]]]]}}, {"type": "Feature", "properties": {"id": 877.0, "left": 322527.85260646814, "top": 7328330.772710353, "right": 323527.85260646814, "bottom": 7327330.772710353, "row_index": 12.0, "col_index": 24.0}, "geometry": {"type": "MultiPolygon", "coordinates": [[[[322527.85260646814, 7328330.772710353], [323527.85260646814, 7328330.772710353], [323527.85260646814, 7327330.772710353], [322527.85260646814, 7327330.772710353], [322527.85260646814, 7328330.772710353]]]]}}, {"type": "Feature", "properties": {"id": 874.0, "left": 322527.85260646814, "top": 7331330.772710353, "right": 323527.85260646814, "bottom": 7330330.772710353, "row_index": 9.0, "col_index": 24.0}, "geometry": {"type": "MultiPolygon", "coordinates": [[[[322527.85260646814, 7331330.772710353], [323527.85260646814, 7331330.772710353], [323527.85260646814, 7330330.772710353], [322527.85260646814, 7330330.772710353], [322527.85260646814, 7331330.772710353]]]]}}, {"type": "Feature", "properties": {"id": 875.0, "left": 322527.85260646814, "top": 7330330.772710353, "right": 323527.85260646814, "bottom": 7329330.772710353, "row_index": 10.0, "col_index": 24.0}, "geometry": {"type": "MultiPolygon", "coordinates": [[[[322527.85260646814, 7330330.772710353], [323527.85260646814, 7330330.772710353], [323527.85260646814, 7329330.772710353], [322527.85260646814, 7329330.772710353], [322527.85260646814, 7330330.772710353]]]]}}, {"type": "Feature", "properties": {"id": 873.0, "left": 322527.85260646814, "top": 7332330.772710353, "right": 323527.85260646814, "bottom": 7331330.772710353, "row_index": 8.0, "col_index": 24.0}, "geometry": {"type": "MultiPolygon", "coordinates": [[[[322527.85260646814, 7332330.772710353], [323527.85260646814, 7332330.772710353], [323527.85260646814, 7331330.772710353], [322527.85260646814, 7331330.772710353], [322527.85260646814, 7332330.772710353]]]]}}, {"type": "Feature", "properties": {"id": 798.0, "left": 320527.85260646814, "top": 7335330.772710353, "right": 321527.85260646814, "bottom": 7334330.772710353, "row_index": 5.0, "col_index": 22.0}, "geometry": {"type": "MultiPolygon", "coordinates": [[[[320527.85260646814, 7335330.772710353], [321527.85260646814, 7335330.772710353], [321527.85260646814, 7334330.772710353], [320527.85260646814, 7334330.772710353], [320527.85260646814, 7335330.772710353]]]]}}, {"type": "Feature", "properties": {"id": 799.0, "left": 320527.85260646814, "top": 7334330.772710353, "right": 321527.85260646814, "bottom": 7333330.772710353, "row_index": 6.0, "col_index": 22.0}, "geometry": {"type": "MultiPolygon", "coordinates": [[[[320527.85260646814, 7334330.772710353], [321527.85260646814, 7334330.772710353], [321527.85260646814, 7333330.772710353], [320527.85260646814, 7333330.772710353], [320527.85260646814, 7334330.772710353]]]]}}, {"type": "Feature", "properties": {"id": 796.0, "left": 320527.85260646814, "top": 7337330.772710353, "right": 321527.85260646814, "bottom": 7336330.772710353, "row_index": 3.0, "col_index": 22.0}, "geometry": {"type": "MultiPolygon", "coordinates": [[[[320527.85260646814, 7337330.772710353], [321527.85260646814, 7337330.772710353], [321527.85260646814, 7336330.772710353], [320527.85260646814, 7336330.772710353], [320527.85260646814, 7337330.772710353]]]]}}, {"type": "Feature", "properties": {"id": 797.0, "left": 320527.85260646814, "top": 7336330.772710353, "right": 321527.85260646814, "bottom": 7335330.772710353, "row_index": 4.0, "col_index": 22.0}, "geometry": {"type": "MultiPolygon", "coordinates": [[[[320527.85260646814, 7336330.772710353], [321527.85260646814, 7336330.772710353], [321527.85260646814, 7335330.772710353], [320527.85260646814, 7335330.772710353], [320527.85260646814, 7336330.772710353]]]]}}, {"type": "Feature", "properties": {"id": 788.0, "left": 319527.85260646814, "top": 7309330.772710353, "right": 320527.85260646814, "bottom": 7308330.772710353, "row_index": 31.0, "col_index": 21.0}, "geometry": {"type": "MultiPolygon", "coordinates": [[[[319527.85260646814, 7309330.772710353], [320527.85260646814, 7309330.772710353], [320527.85260646814, 7308330.772710353], [319527.85260646814, 7308330.772710353], [319527.85260646814, 7309330.772710353]]]]}}, {"type": "Feature", "properties": {"id": 789.0, "left": 319527.85260646814, "top": 7308330.772710353, "right": 320527.85260646814, "bottom": 7307330.772710353, "row_index": 32.0, "col_index": 21.0}, "geometry": {"type": "MultiPolygon", "coordinates": [[[[319527.85260646814, 7308330.772710353], [320527.85260646814, 7308330.772710353], [320527.85260646814, 7307330.772710353], [319527.85260646814, 7307330.772710353], [319527.85260646814, 7308330.772710353]]]]}}, {"type": "Feature", "properties": {"id": 786.0, "left": 319527.85260646814, "top": 7311330.772710353, "right": 320527.85260646814, "bottom": 7310330.772710353, "row_index": 29.0, "col_index": 21.0}, "geometry": {"type": "MultiPolygon", "coordinates": [[[[319527.85260646814, 7311330.772710353], [320527.85260646814, 7311330.772710353], [320527.85260646814, 7310330.772710353], [319527.85260646814, 7310330.772710353], [319527.85260646814, 7311330.772710353]]]]}}, {"type": "Feature", "properties": {"id": 787.0, "left": 319527.85260646814, "top": 7310330.772710353, "right": 320527.85260646814, "bottom": 7309330.772710353, "row_index": 30.0, "col_index": 21.0}, "geometry": {"type": "MultiPolygon", "coordinates": [[[[319527.85260646814, 7310330.772710353], [320527.85260646814, 7310330.772710353], [320527.85260646814, 7309330.772710353], [319527.85260646814, 7309330.772710353], [319527.85260646814, 7310330.772710353]]]]}}, {"type": "Feature", "properties": {"id": 784.0, "left": 319527.85260646814, "top": 7313330.772710353, "right": 320527.85260646814, "bottom": 7312330.772710353, "row_index": 27.0, "col_index": 21.0}, "geometry": {"type": "MultiPolygon", "coordinates": [[[[319527.85260646814, 7313330.772710353], [320527.85260646814, 7313330.772710353], [320527.85260646814, 7312330.772710353], [319527.85260646814, 7312330.772710353], [319527.85260646814, 7313330.772710353]]]]}}, {"type": "Feature", "properties": {"id": 785.0, "left": 319527.85260646814, "top": 7312330.772710353, "right": 320527.85260646814, "bottom": 7311330.772710353, "row_index": 28.0, "col_index": 21.0}, "geometry": {"type": "MultiPolygon", "coordinates": [[[[319527.85260646814, 7312330.772710353], [320527.85260646814, 7312330.772710353], [320527.85260646814, 7311330.772710353], [319527.85260646814, 7311330.772710353], [319527.85260646814, 7312330.772710353]]]]}}, {"type": "Feature", "properties": {"id": 782.0, "left": 319527.85260646814, "top": 7315330.772710353, "right": 320527.85260646814, "bottom": 7314330.772710353, "row_index": 25.0, "col_index": 21.0}, "geometry": {"type": "MultiPolygon", "coordinates": [[[[319527.85260646814, 7315330.772710353], [320527.85260646814, 7315330.772710353], [320527.85260646814, 7314330.772710353], [319527.85260646814, 7314330.772710353], [319527.85260646814, 7315330.772710353]]]]}}, {"type": "Feature", "properties": {"id": 783.0, "left": 319527.85260646814, "top": 7314330.772710353, "right": 320527.85260646814, "bottom": 7313330.772710353, "row_index": 26.0, "col_index": 21.0}, "geometry": {"type": "MultiPolygon", "coordinates": [[[[319527.85260646814, 7314330.772710353], [320527.85260646814, 7314330.772710353], [320527.85260646814, 7313330.772710353], [319527.85260646814, 7313330.772710353], [319527.85260646814, 7314330.772710353]]]]}}, {"type": "Feature", "properties": {"id": 780.0, "left": 319527.85260646814, "top": 7317330.772710353, "right": 320527.85260646814, "bottom": 7316330.772710353, "row_index": 23.0, "col_index": 21.0}, "geometry": {"type": "MultiPolygon", "coordinates": [[[[319527.85260646814, 7317330.772710353], [320527.85260646814, 7317330.772710353], [320527.85260646814, 7316330.772710353], [319527.85260646814, 7316330.772710353], [319527.85260646814, 7317330.772710353]]]]}}, {"type": "Feature", "properties": {"id": 781.0, "left": 319527.85260646814, "top": 7316330.772710353, "right": 320527.85260646814, "bottom": 7315330.772710353, "row_index": 24.0, "col_index": 21.0}, "geometry": {"type": "MultiPolygon", "coordinates": [[[[319527.85260646814, 7316330.772710353], [320527.85260646814, 7316330.772710353], [320527.85260646814, 7315330.772710353], [319527.85260646814, 7315330.772710353], [319527.85260646814, 7316330.772710353]]]]}}, {"type": "Feature", "properties": {"id": 778.0, "left": 319527.85260646814, "top": 7319330.772710353, "right": 320527.85260646814, "bottom": 7318330.772710353, "row_index": 21.0, "col_index": 21.0}, "geometry": {"type": "MultiPolygon", "coordinates": [[[[319527.85260646814, 7319330.772710353], [320527.85260646814, 7319330.772710353], [320527.85260646814, 7318330.772710353], [319527.85260646814, 7318330.772710353], [319527.85260646814, 7319330.772710353]]]]}}, {"type": "Feature", "properties": {"id": 779.0, "left": 319527.85260646814, "top": 7318330.772710353, "right": 320527.85260646814, "bottom": 7317330.772710353, "row_index": 22.0, "col_index": 21.0}, "geometry": {"type": "MultiPolygon", "coordinates": [[[[319527.85260646814, 7318330.772710353], [320527.85260646814, 7318330.772710353], [320527.85260646814, 7317330.772710353], [319527.85260646814, 7317330.772710353], [319527.85260646814, 7318330.772710353]]]]}}, {"type": "Feature", "properties": {"id": 776.0, "left": 319527.85260646814, "top": 7321330.772710353, "right": 320527.85260646814, "bottom": 7320330.772710353, "row_index": 19.0, "col_index": 21.0}, "geometry": {"type": "MultiPolygon", "coordinates": [[[[319527.85260646814, 7321330.772710353], [320527.85260646814, 7321330.772710353], [320527.85260646814, 7320330.772710353], [319527.85260646814, 7320330.772710353], [319527.85260646814, 7321330.772710353]]]]}}, {"type": "Feature", "properties": {"id": 777.0, "left": 319527.85260646814, "top": 7320330.772710353, "right": 320527.85260646814, "bottom": 7319330.772710353, "row_index": 20.0, "col_index": 21.0}, "geometry": {"type": "MultiPolygon", "coordinates": [[[[319527.85260646814, 7320330.772710353], [320527.85260646814, 7320330.772710353], [320527.85260646814, 7319330.772710353], [319527.85260646814, 7319330.772710353], [319527.85260646814, 7320330.772710353]]]]}}, {"type": "Feature", "properties": {"id": 774.0, "left": 319527.85260646814, "top": 7323330.772710353, "right": 320527.85260646814, "bottom": 7322330.772710353, "row_index": 17.0, "col_index": 21.0}, "geometry": {"type": "MultiPolygon", "coordinates": [[[[319527.85260646814, 7323330.772710353], [320527.85260646814, 7323330.772710353], [320527.85260646814, 7322330.772710353], [319527.85260646814, 7322330.772710353], [319527.85260646814, 7323330.772710353]]]]}}, {"type": "Feature", "properties": {"id": 775.0, "left": 319527.85260646814, "top": 7322330.772710353, "right": 320527.85260646814, "bottom": 7321330.772710353, "row_index": 18.0, "col_index": 21.0}, "geometry": {"type": "MultiPolygon", "coordinates": [[[[319527.85260646814, 7322330.772710353], [320527.85260646814, 7322330.772710353], [320527.85260646814, 7321330.772710353], [319527.85260646814, 7321330.772710353], [319527.85260646814, 7322330.772710353]]]]}}, {"type": "Feature", "properties": {"id": 772.0, "left": 319527.85260646814, "top": 7325330.772710353, "right": 320527.85260646814, "bottom": 7324330.772710353, "row_index": 15.0, "col_index": 21.0}, "geometry": {"type": "MultiPolygon", "coordinates": [[[[319527.85260646814, 7325330.772710353], [320527.85260646814, 7325330.772710353], [320527.85260646814, 7324330.772710353], [319527.85260646814, 7324330.772710353], [319527.85260646814, 7325330.772710353]]]]}}, {"type": "Feature", "properties": {"id": 773.0, "left": 319527.85260646814, "top": 7324330.772710353, "right": 320527.85260646814, "bottom": 7323330.772710353, "row_index": 16.0, "col_index": 21.0}, "geometry": {"type": "MultiPolygon", "coordinates": [[[[319527.85260646814, 7324330.772710353], [320527.85260646814, 7324330.772710353], [320527.85260646814, 7323330.772710353], [319527.85260646814, 7323330.772710353], [319527.85260646814, 7324330.772710353]]]]}}, {"type": "Feature", "properties": {"id": 770.0, "left": 319527.85260646814, "top": 7327330.772710353, "right": 320527.85260646814, "bottom": 7326330.772710353, "row_index": 13.0, "col_index": 21.0}, "geometry": {"type": "MultiPolygon", "coordinates": [[[[319527.85260646814, 7327330.772710353], [320527.85260646814, 7327330.772710353], [320527.85260646814, 7326330.772710353], [319527.85260646814, 7326330.772710353], [319527.85260646814, 7327330.772710353]]]]}}, {"type": "Feature", "properties": {"id": 771.0, "left": 319527.85260646814, "top": 7326330.772710353, "right": 320527.85260646814, "bottom": 7325330.772710353, "row_index": 14.0, "col_index": 21.0}, "geometry": {"type": "MultiPolygon", "coordinates": [[[[319527.85260646814, 7326330.772710353], [320527.85260646814, 7326330.772710353], [320527.85260646814, 7325330.772710353], [319527.85260646814, 7325330.772710353], [319527.85260646814, 7326330.772710353]]]]}}, {"type": "Feature", "properties": {"id": 768.0, "left": 319527.85260646814, "top": 7329330.772710353, "right": 320527.85260646814, "bottom": 7328330.772710353, "row_index": 11.0, "col_index": 21.0}, "geometry": {"type": "MultiPolygon", "coordinates": [[[[319527.85260646814, 7329330.772710353], [320527.85260646814, 7329330.772710353], [320527.85260646814, 7328330.772710353], [319527.85260646814, 7328330.772710353], [319527.85260646814, 7329330.772710353]]]]}}, {"type": "Feature", "properties": {"id": 769.0, "left": 319527.85260646814, "top": 7328330.772710353, "right": 320527.85260646814, "bottom": 7327330.772710353, "row_index": 12.0, "col_index": 21.0}, "geometry": {"type": "MultiPolygon", "coordinates": [[[[319527.85260646814, 7328330.772710353], [320527.85260646814, 7328330.772710353], [320527.85260646814, 7327330.772710353], [319527.85260646814, 7327330.772710353], [319527.85260646814, 7328330.772710353]]]]}}, {"type": "Feature", "properties": {"id": 824.0, "left": 320527.85260646814, "top": 7309330.772710353, "right": 321527.85260646814, "bottom": 7308330.772710353, "row_index": 31.0, "col_index": 22.0}, "geometry": {"type": "MultiPolygon", "coordinates": [[[[320527.85260646814, 7309330.772710353], [321527.85260646814, 7309330.772710353], [321527.85260646814, 7308330.772710353], [320527.85260646814, 7308330.772710353], [320527.85260646814, 7309330.772710353]]]]}}, {"type": "Feature", "properties": {"id": 825.0, "left": 320527.85260646814, "top": 7308330.772710353, "right": 321527.85260646814, "bottom": 7307330.772710353, "row_index": 32.0, "col_index": 22.0}, "geometry": {"type": "MultiPolygon", "coordinates": [[[[320527.85260646814, 7308330.772710353], [321527.85260646814, 7308330.772710353], [321527.85260646814, 7307330.772710353], [320527.85260646814, 7307330.772710353], [320527.85260646814, 7308330.772710353]]]]}}, {"type": "Feature", "properties": {"id": 822.0, "left": 320527.85260646814, "top": 7311330.772710353, "right": 321527.85260646814, "bottom": 7310330.772710353, "row_index": 29.0, "col_index": 22.0}, "geometry": {"type": "MultiPolygon", "coordinates": [[[[320527.85260646814, 7311330.772710353], [321527.85260646814, 7311330.772710353], [321527.85260646814, 7310330.772710353], [320527.85260646814, 7310330.772710353], [320527.85260646814, 7311330.772710353]]]]}}, {"type": "Feature", "properties": {"id": 823.0, "left": 320527.85260646814, "top": 7310330.772710353, "right": 321527.85260646814, "bottom": 7309330.772710353, "row_index": 30.0, "col_index": 22.0}, "geometry": {"type": "MultiPolygon", "coordinates": [[[[320527.85260646814, 7310330.772710353], [321527.85260646814, 7310330.772710353], [321527.85260646814, 7309330.772710353], [320527.85260646814, 7309330.772710353], [320527.85260646814, 7310330.772710353]]]]}}, {"type": "Feature", "properties": {"id": 820.0, "left": 320527.85260646814, "top": 7313330.772710353, "right": 321527.85260646814, "bottom": 7312330.772710353, "row_index": 27.0, "col_index": 22.0}, "geometry": {"type": "MultiPolygon", "coordinates": [[[[320527.85260646814, 7313330.772710353], [321527.85260646814, 7313330.772710353], [321527.85260646814, 7312330.772710353], [320527.85260646814, 7312330.772710353], [320527.85260646814, 7313330.772710353]]]]}}, {"type": "Feature", "properties": {"id": 821.0, "left": 320527.85260646814, "top": 7312330.772710353, "right": 321527.85260646814, "bottom": 7311330.772710353, "row_index": 28.0, "col_index": 22.0}, "geometry": {"type": "MultiPolygon", "coordinates": [[[[320527.85260646814, 7312330.772710353], [321527.85260646814, 7312330.772710353], [321527.85260646814, 7311330.772710353], [320527.85260646814, 7311330.772710353], [320527.85260646814, 7312330.772710353]]]]}}, {"type": "Feature", "properties": {"id": 818.0, "left": 320527.85260646814, "top": 7315330.772710353, "right": 321527.85260646814, "bottom": 7314330.772710353, "row_index": 25.0, "col_index": 22.0}, "geometry": {"type": "MultiPolygon", "coordinates": [[[[320527.85260646814, 7315330.772710353], [321527.85260646814, 7315330.772710353], [321527.85260646814, 7314330.772710353], [320527.85260646814, 7314330.772710353], [320527.85260646814, 7315330.772710353]]]]}}, {"type": "Feature", "properties": {"id": 819.0, "left": 320527.85260646814, "top": 7314330.772710353, "right": 321527.85260646814, "bottom": 7313330.772710353, "row_index": 26.0, "col_index": 22.0}, "geometry": {"type": "MultiPolygon", "coordinates": [[[[320527.85260646814, 7314330.772710353], [321527.85260646814, 7314330.772710353], [321527.85260646814, 7313330.772710353], [320527.85260646814, 7313330.772710353], [320527.85260646814, 7314330.772710353]]]]}}, {"type": "Feature", "properties": {"id": 816.0, "left": 320527.85260646814, "top": 7317330.772710353, "right": 321527.85260646814, "bottom": 7316330.772710353, "row_index": 23.0, "col_index": 22.0}, "geometry": {"type": "MultiPolygon", "coordinates": [[[[320527.85260646814, 7317330.772710353], [321527.85260646814, 7317330.772710353], [321527.85260646814, 7316330.772710353], [320527.85260646814, 7316330.772710353], [320527.85260646814, 7317330.772710353]]]]}}, {"type": "Feature", "properties": {"id": 817.0, "left": 320527.85260646814, "top": 7316330.772710353, "right": 321527.85260646814, "bottom": 7315330.772710353, "row_index": 24.0, "col_index": 22.0}, "geometry": {"type": "MultiPolygon", "coordinates": [[[[320527.85260646814, 7316330.772710353], [321527.85260646814, 7316330.772710353], [321527.85260646814, 7315330.772710353], [320527.85260646814, 7315330.772710353], [320527.85260646814, 7316330.772710353]]]]}}, {"type": "Feature", "properties": {"id": 814.0, "left": 320527.85260646814, "top": 7319330.772710353, "right": 321527.85260646814, "bottom": 7318330.772710353, "row_index": 21.0, "col_index": 22.0}, "geometry": {"type": "MultiPolygon", "coordinates": [[[[320527.85260646814, 7319330.772710353], [321527.85260646814, 7319330.772710353], [321527.85260646814, 7318330.772710353], [320527.85260646814, 7318330.772710353], [320527.85260646814, 7319330.772710353]]]]}}, {"type": "Feature", "properties": {"id": 815.0, "left": 320527.85260646814, "top": 7318330.772710353, "right": 321527.85260646814, "bottom": 7317330.772710353, "row_index": 22.0, "col_index": 22.0}, "geometry": {"type": "MultiPolygon", "coordinates": [[[[320527.85260646814, 7318330.772710353], [321527.85260646814, 7318330.772710353], [321527.85260646814, 7317330.772710353], [320527.85260646814, 7317330.772710353], [320527.85260646814, 7318330.772710353]]]]}}, {"type": "Feature", "properties": {"id": 812.0, "left": 320527.85260646814, "top": 7321330.772710353, "right": 321527.85260646814, "bottom": 7320330.772710353, "row_index": 19.0, "col_index": 22.0}, "geometry": {"type": "MultiPolygon", "coordinates": [[[[320527.85260646814, 7321330.772710353], [321527.85260646814, 7321330.772710353], [321527.85260646814, 7320330.772710353], [320527.85260646814, 7320330.772710353], [320527.85260646814, 7321330.772710353]]]]}}, {"type": "Feature", "properties": {"id": 813.0, "left": 320527.85260646814, "top": 7320330.772710353, "right": 321527.85260646814, "bottom": 7319330.772710353, "row_index": 20.0, "col_index": 22.0}, "geometry": {"type": "MultiPolygon", "coordinates": [[[[320527.85260646814, 7320330.772710353], [321527.85260646814, 7320330.772710353], [321527.85260646814, 7319330.772710353], [320527.85260646814, 7319330.772710353], [320527.85260646814, 7320330.772710353]]]]}}, {"type": "Feature", "properties": {"id": 810.0, "left": 320527.85260646814, "top": 7323330.772710353, "right": 321527.85260646814, "bottom": 7322330.772710353, "row_index": 17.0, "col_index": 22.0}, "geometry": {"type": "MultiPolygon", "coordinates": [[[[320527.85260646814, 7323330.772710353], [321527.85260646814, 7323330.772710353], [321527.85260646814, 7322330.772710353], [320527.85260646814, 7322330.772710353], [320527.85260646814, 7323330.772710353]]]]}}, {"type": "Feature", "properties": {"id": 811.0, "left": 320527.85260646814, "top": 7322330.772710353, "right": 321527.85260646814, "bottom": 7321330.772710353, "row_index": 18.0, "col_index": 22.0}, "geometry": {"type": "MultiPolygon", "coordinates": [[[[320527.85260646814, 7322330.772710353], [321527.85260646814, 7322330.772710353], [321527.85260646814, 7321330.772710353], [320527.85260646814, 7321330.772710353], [320527.85260646814, 7322330.772710353]]]]}}, {"type": "Feature", "properties": {"id": 808.0, "left": 320527.85260646814, "top": 7325330.772710353, "right": 321527.85260646814, "bottom": 7324330.772710353, "row_index": 15.0, "col_index": 22.0}, "geometry": {"type": "MultiPolygon", "coordinates": [[[[320527.85260646814, 7325330.772710353], [321527.85260646814, 7325330.772710353], [321527.85260646814, 7324330.772710353], [320527.85260646814, 7324330.772710353], [320527.85260646814, 7325330.772710353]]]]}}, {"type": "Feature", "properties": {"id": 809.0, "left": 320527.85260646814, "top": 7324330.772710353, "right": 321527.85260646814, "bottom": 7323330.772710353, "row_index": 16.0, "col_index": 22.0}, "geometry": {"type": "MultiPolygon", "coordinates": [[[[320527.85260646814, 7324330.772710353], [321527.85260646814, 7324330.772710353], [321527.85260646814, 7323330.772710353], [320527.85260646814, 7323330.772710353], [320527.85260646814, 7324330.772710353]]]]}}, {"type": "Feature", "properties": {"id": 806.0, "left": 320527.85260646814, "top": 7327330.772710353, "right": 321527.85260646814, "bottom": 7326330.772710353, "row_index": 13.0, "col_index": 22.0}, "geometry": {"type": "MultiPolygon", "coordinates": [[[[320527.85260646814, 7327330.772710353], [321527.85260646814, 7327330.772710353], [321527.85260646814, 7326330.772710353], [320527.85260646814, 7326330.772710353], [320527.85260646814, 7327330.772710353]]]]}}, {"type": "Feature", "properties": {"id": 807.0, "left": 320527.85260646814, "top": 7326330.772710353, "right": 321527.85260646814, "bottom": 7325330.772710353, "row_index": 14.0, "col_index": 22.0}, "geometry": {"type": "MultiPolygon", "coordinates": [[[[320527.85260646814, 7326330.772710353], [321527.85260646814, 7326330.772710353], [321527.85260646814, 7325330.772710353], [320527.85260646814, 7325330.772710353], [320527.85260646814, 7326330.772710353]]]]}}, {"type": "Feature", "properties": {"id": 804.0, "left": 320527.85260646814, "top": 7329330.772710353, "right": 321527.85260646814, "bottom": 7328330.772710353, "row_index": 11.0, "col_index": 22.0}, "geometry": {"type": "MultiPolygon", "coordinates": [[[[320527.85260646814, 7329330.772710353], [321527.85260646814, 7329330.772710353], [321527.85260646814, 7328330.772710353], [320527.85260646814, 7328330.772710353], [320527.85260646814, 7329330.772710353]]]]}}, {"type": "Feature", "properties": {"id": 805.0, "left": 320527.85260646814, "top": 7328330.772710353, "right": 321527.85260646814, "bottom": 7327330.772710353, "row_index": 12.0, "col_index": 22.0}, "geometry": {"type": "MultiPolygon", "coordinates": [[[[320527.85260646814, 7328330.772710353], [321527.85260646814, 7328330.772710353], [321527.85260646814, 7327330.772710353], [320527.85260646814, 7327330.772710353], [320527.85260646814, 7328330.772710353]]]]}}, {"type": "Feature", "properties": {"id": 802.0, "left": 320527.85260646814, "top": 7331330.772710353, "right": 321527.85260646814, "bottom": 7330330.772710353, "row_index": 9.0, "col_index": 22.0}, "geometry": {"type": "MultiPolygon", "coordinates": [[[[320527.85260646814, 7331330.772710353], [321527.85260646814, 7331330.772710353], [321527.85260646814, 7330330.772710353], [320527.85260646814, 7330330.772710353], [320527.85260646814, 7331330.772710353]]]]}}, {"type": "Feature", "properties": {"id": 803.0, "left": 320527.85260646814, "top": 7330330.772710353, "right": 321527.85260646814, "bottom": 7329330.772710353, "row_index": 10.0, "col_index": 22.0}, "geometry": {"type": "MultiPolygon", "coordinates": [[[[320527.85260646814, 7330330.772710353], [321527.85260646814, 7330330.772710353], [321527.85260646814, 7329330.772710353], [320527.85260646814, 7329330.772710353], [320527.85260646814, 7330330.772710353]]]]}}, {"type": "Feature", "properties": {"id": 800.0, "left": 320527.85260646814, "top": 7333330.772710353, "right": 321527.85260646814, "bottom": 7332330.772710353, "row_index": 7.0, "col_index": 22.0}, "geometry": {"type": "MultiPolygon", "coordinates": [[[[320527.85260646814, 7333330.772710353], [321527.85260646814, 7333330.772710353], [321527.85260646814, 7332330.772710353], [320527.85260646814, 7332330.772710353], [320527.85260646814, 7333330.772710353]]]]}}, {"type": "Feature", "properties": {"id": 801.0, "left": 320527.85260646814, "top": 7332330.772710353, "right": 321527.85260646814, "bottom": 7331330.772710353, "row_index": 8.0, "col_index": 22.0}, "geometry": {"type": "MultiPolygon", "coordinates": [[[[320527.85260646814, 7332330.772710353], [321527.85260646814, 7332330.772710353], [321527.85260646814, 7331330.772710353], [320527.85260646814, 7331330.772710353], [320527.85260646814, 7332330.772710353]]]]}}, {"type": "Feature", "properties": {"id": 990.0, "left": 325527.85260646814, "top": 7323330.772710353, "right": 326527.85260646814, "bottom": 7322330.772710353, "row_index": 17.0, "col_index": 27.0}, "geometry": {"type": "MultiPolygon", "coordinates": [[[[325527.85260646814, 7323330.772710353], [326527.85260646814, 7323330.772710353], [326527.85260646814, 7322330.772710353], [325527.85260646814, 7322330.772710353], [325527.85260646814, 7323330.772710353]]]]}}, {"type": "Feature", "properties": {"id": 991.0, "left": 325527.85260646814, "top": 7322330.772710353, "right": 326527.85260646814, "bottom": 7321330.772710353, "row_index": 18.0, "col_index": 27.0}, "geometry": {"type": "MultiPolygon", "coordinates": [[[[325527.85260646814, 7322330.772710353], [326527.85260646814, 7322330.772710353], [326527.85260646814, 7321330.772710353], [325527.85260646814, 7321330.772710353], [325527.85260646814, 7322330.772710353]]]]}}, {"type": "Feature", "properties": {"id": 988.0, "left": 325527.85260646814, "top": 7325330.772710353, "right": 326527.85260646814, "bottom": 7324330.772710353, "row_index": 15.0, "col_index": 27.0}, "geometry": {"type": "MultiPolygon", "coordinates": [[[[325527.85260646814, 7325330.772710353], [326527.85260646814, 7325330.772710353], [326527.85260646814, 7324330.772710353], [325527.85260646814, 7324330.772710353], [325527.85260646814, 7325330.772710353]]]]}}, {"type": "Feature", "properties": {"id": 989.0, "left": 325527.85260646814, "top": 7324330.772710353, "right": 326527.85260646814, "bottom": 7323330.772710353, "row_index": 16.0, "col_index": 27.0}, "geometry": {"type": "MultiPolygon", "coordinates": [[[[325527.85260646814, 7324330.772710353], [326527.85260646814, 7324330.772710353], [326527.85260646814, 7323330.772710353], [325527.85260646814, 7323330.772710353], [325527.85260646814, 7324330.772710353]]]]}}, {"type": "Feature", "properties": {"id": 987.0, "left": 325527.85260646814, "top": 7326330.772710353, "right": 326527.85260646814, "bottom": 7325330.772710353, "row_index": 14.0, "col_index": 27.0}, "geometry": {"type": "MultiPolygon", "coordinates": [[[[325527.85260646814, 7326330.772710353], [326527.85260646814, 7326330.772710353], [326527.85260646814, 7325330.772710353], [325527.85260646814, 7325330.772710353], [325527.85260646814, 7326330.772710353]]]]}}, {"type": "Feature", "properties": {"id": 966.0, "left": 324527.85260646814, "top": 7311330.772710353, "right": 325527.85260646814, "bottom": 7310330.772710353, "row_index": 29.0, "col_index": 26.0}, "geometry": {"type": "MultiPolygon", "coordinates": [[[[324527.85260646814, 7311330.772710353], [325527.85260646814, 7311330.772710353], [325527.85260646814, 7310330.772710353], [324527.85260646814, 7310330.772710353], [324527.85260646814, 7311330.772710353]]]]}}, {"type": "Feature", "properties": {"id": 967.0, "left": 324527.85260646814, "top": 7310330.772710353, "right": 325527.85260646814, "bottom": 7309330.772710353, "row_index": 30.0, "col_index": 26.0}, "geometry": {"type": "MultiPolygon", "coordinates": [[[[324527.85260646814, 7310330.772710353], [325527.85260646814, 7310330.772710353], [325527.85260646814, 7309330.772710353], [324527.85260646814, 7309330.772710353], [324527.85260646814, 7310330.772710353]]]]}}, {"type": "Feature", "properties": {"id": 964.0, "left": 324527.85260646814, "top": 7313330.772710353, "right": 325527.85260646814, "bottom": 7312330.772710353, "row_index": 27.0, "col_index": 26.0}, "geometry": {"type": "MultiPolygon", "coordinates": [[[[324527.85260646814, 7313330.772710353], [325527.85260646814, 7313330.772710353], [325527.85260646814, 7312330.772710353], [324527.85260646814, 7312330.772710353], [324527.85260646814, 7313330.772710353]]]]}}, {"type": "Feature", "properties": {"id": 965.0, "left": 324527.85260646814, "top": 7312330.772710353, "right": 325527.85260646814, "bottom": 7311330.772710353, "row_index": 28.0, "col_index": 26.0}, "geometry": {"type": "MultiPolygon", "coordinates": [[[[324527.85260646814, 7312330.772710353], [325527.85260646814, 7312330.772710353], [325527.85260646814, 7311330.772710353], [324527.85260646814, 7311330.772710353], [324527.85260646814, 7312330.772710353]]]]}}, {"type": "Feature", "properties": {"id": 962.0, "left": 324527.85260646814, "top": 7315330.772710353, "right": 325527.85260646814, "bottom": 7314330.772710353, "row_index": 25.0, "col_index": 26.0}, "geometry": {"type": "MultiPolygon", "coordinates": [[[[324527.85260646814, 7315330.772710353], [325527.85260646814, 7315330.772710353], [325527.85260646814, 7314330.772710353], [324527.85260646814, 7314330.772710353], [324527.85260646814, 7315330.772710353]]]]}}, {"type": "Feature", "properties": {"id": 963.0, "left": 324527.85260646814, "top": 7314330.772710353, "right": 325527.85260646814, "bottom": 7313330.772710353, "row_index": 26.0, "col_index": 26.0}, "geometry": {"type": "MultiPolygon", "coordinates": [[[[324527.85260646814, 7314330.772710353], [325527.85260646814, 7314330.772710353], [325527.85260646814, 7313330.772710353], [324527.85260646814, 7313330.772710353], [324527.85260646814, 7314330.772710353]]]]}}, {"type": "Feature", "properties": {"id": 960.0, "left": 324527.85260646814, "top": 7317330.772710353, "right": 325527.85260646814, "bottom": 7316330.772710353, "row_index": 23.0, "col_index": 26.0}, "geometry": {"type": "MultiPolygon", "coordinates": [[[[324527.85260646814, 7317330.772710353], [325527.85260646814, 7317330.772710353], [325527.85260646814, 7316330.772710353], [324527.85260646814, 7316330.772710353], [324527.85260646814, 7317330.772710353]]]]}}, {"type": "Feature", "properties": {"id": 961.0, "left": 324527.85260646814, "top": 7316330.772710353, "right": 325527.85260646814, "bottom": 7315330.772710353, "row_index": 24.0, "col_index": 26.0}, "geometry": {"type": "MultiPolygon", "coordinates": [[[[324527.85260646814, 7316330.772710353], [325527.85260646814, 7316330.772710353], [325527.85260646814, 7315330.772710353], [324527.85260646814, 7315330.772710353], [324527.85260646814, 7316330.772710353]]]]}}, {"type": "Feature", "properties": {"id": 1002.0, "left": 325527.85260646814, "top": 7311330.772710353, "right": 326527.85260646814, "bottom": 7310330.772710353, "row_index": 29.0, "col_index": 27.0}, "geometry": {"type": "MultiPolygon", "coordinates": [[[[325527.85260646814, 7311330.772710353], [326527.85260646814, 7311330.772710353], [326527.85260646814, 7310330.772710353], [325527.85260646814, 7310330.772710353], [325527.85260646814, 7311330.772710353]]]]}}, {"type": "Feature", "properties": {"id": 1003.0, "left": 325527.85260646814, "top": 7310330.772710353, "right": 326527.85260646814, "bottom": 7309330.772710353, "row_index": 30.0, "col_index": 27.0}, "geometry": {"type": "MultiPolygon", "coordinates": [[[[325527.85260646814, 7310330.772710353], [326527.85260646814, 7310330.772710353], [326527.85260646814, 7309330.772710353], [325527.85260646814, 7309330.772710353], [325527.85260646814, 7310330.772710353]]]]}}, {"type": "Feature", "properties": {"id": 1000.0, "left": 325527.85260646814, "top": 7313330.772710353, "right": 326527.85260646814, "bottom": 7312330.772710353, "row_index": 27.0, "col_index": 27.0}, "geometry": {"type": "MultiPolygon", "coordinates": [[[[325527.85260646814, 7313330.772710353], [326527.85260646814, 7313330.772710353], [326527.85260646814, 7312330.772710353], [325527.85260646814, 7312330.772710353], [325527.85260646814, 7313330.772710353]]]]}}, {"type": "Feature", "properties": {"id": 1001.0, "left": 325527.85260646814, "top": 7312330.772710353, "right": 326527.85260646814, "bottom": 7311330.772710353, "row_index": 28.0, "col_index": 27.0}, "geometry": {"type": "MultiPolygon", "coordinates": [[[[325527.85260646814, 7312330.772710353], [326527.85260646814, 7312330.772710353], [326527.85260646814, 7311330.772710353], [325527.85260646814, 7311330.772710353], [325527.85260646814, 7312330.772710353]]]]}}, {"type": "Feature", "properties": {"id": 998.0, "left": 325527.85260646814, "top": 7315330.772710353, "right": 326527.85260646814, "bottom": 7314330.772710353, "row_index": 25.0, "col_index": 27.0}, "geometry": {"type": "MultiPolygon", "coordinates": [[[[325527.85260646814, 7315330.772710353], [326527.85260646814, 7315330.772710353], [326527.85260646814, 7314330.772710353], [325527.85260646814, 7314330.772710353], [325527.85260646814, 7315330.772710353]]]]}}, {"type": "Feature", "properties": {"id": 999.0, "left": 325527.85260646814, "top": 7314330.772710353, "right": 326527.85260646814, "bottom": 7313330.772710353, "row_index": 26.0, "col_index": 27.0}, "geometry": {"type": "MultiPolygon", "coordinates": [[[[325527.85260646814, 7314330.772710353], [326527.85260646814, 7314330.772710353], [326527.85260646814, 7313330.772710353], [325527.85260646814, 7313330.772710353], [325527.85260646814, 7314330.772710353]]]]}}, {"type": "Feature", "properties": {"id": 996.0, "left": 325527.85260646814, "top": 7317330.772710353, "right": 326527.85260646814, "bottom": 7316330.772710353, "row_index": 23.0, "col_index": 27.0}, "geometry": {"type": "MultiPolygon", "coordinates": [[[[325527.85260646814, 7317330.772710353], [326527.85260646814, 7317330.772710353], [326527.85260646814, 7316330.772710353], [325527.85260646814, 7316330.772710353], [325527.85260646814, 7317330.772710353]]]]}}, {"type": "Feature", "properties": {"id": 997.0, "left": 325527.85260646814, "top": 7316330.772710353, "right": 326527.85260646814, "bottom": 7315330.772710353, "row_index": 24.0, "col_index": 27.0}, "geometry": {"type": "MultiPolygon", "coordinates": [[[[325527.85260646814, 7316330.772710353], [326527.85260646814, 7316330.772710353], [326527.85260646814, 7315330.772710353], [325527.85260646814, 7315330.772710353], [325527.85260646814, 7316330.772710353]]]]}}, {"type": "Feature", "properties": {"id": 994.0, "left": 325527.85260646814, "top": 7319330.772710353, "right": 326527.85260646814, "bottom": 7318330.772710353, "row_index": 21.0, "col_index": 27.0}, "geometry": {"type": "MultiPolygon", "coordinates": [[[[325527.85260646814, 7319330.772710353], [326527.85260646814, 7319330.772710353], [326527.85260646814, 7318330.772710353], [325527.85260646814, 7318330.772710353], [325527.85260646814, 7319330.772710353]]]]}}, {"type": "Feature", "properties": {"id": 995.0, "left": 325527.85260646814, "top": 7318330.772710353, "right": 326527.85260646814, "bottom": 7317330.772710353, "row_index": 22.0, "col_index": 27.0}, "geometry": {"type": "MultiPolygon", "coordinates": [[[[325527.85260646814, 7318330.772710353], [326527.85260646814, 7318330.772710353], [326527.85260646814, 7317330.772710353], [325527.85260646814, 7317330.772710353], [325527.85260646814, 7318330.772710353]]]]}}, {"type": "Feature", "properties": {"id": 992.0, "left": 325527.85260646814, "top": 7321330.772710353, "right": 326527.85260646814, "bottom": 7320330.772710353, "row_index": 19.0, "col_index": 27.0}, "geometry": {"type": "MultiPolygon", "coordinates": [[[[325527.85260646814, 7321330.772710353], [326527.85260646814, 7321330.772710353], [326527.85260646814, 7320330.772710353], [325527.85260646814, 7320330.772710353], [325527.85260646814, 7321330.772710353]]]]}}, {"type": "Feature", "properties": {"id": 993.0, "left": 325527.85260646814, "top": 7320330.772710353, "right": 326527.85260646814, "bottom": 7319330.772710353, "row_index": 20.0, "col_index": 27.0}, "geometry": {"type": "MultiPolygon", "coordinates": [[[[325527.85260646814, 7320330.772710353], [326527.85260646814, 7320330.772710353], [326527.85260646814, 7319330.772710353], [325527.85260646814, 7319330.772710353], [325527.85260646814, 7320330.772710353]]]]}}, {"type": "Feature", "properties": {"id": 926.0, "left": 323527.85260646814, "top": 7315330.772710353, "right": 324527.85260646814, "bottom": 7314330.772710353, "row_index": 25.0, "col_index": 25.0}, "geometry": {"type": "MultiPolygon", "coordinates": [[[[323527.85260646814, 7315330.772710353], [324527.85260646814, 7315330.772710353], [324527.85260646814, 7314330.772710353], [323527.85260646814, 7314330.772710353], [323527.85260646814, 7315330.772710353]]]]}}, {"type": "Feature", "properties": {"id": 927.0, "left": 323527.85260646814, "top": 7314330.772710353, "right": 324527.85260646814, "bottom": 7313330.772710353, "row_index": 26.0, "col_index": 25.0}, "geometry": {"type": "MultiPolygon", "coordinates": [[[[323527.85260646814, 7314330.772710353], [324527.85260646814, 7314330.772710353], [324527.85260646814, 7313330.772710353], [323527.85260646814, 7313330.772710353], [323527.85260646814, 7314330.772710353]]]]}}, {"type": "Feature", "properties": {"id": 924.0, "left": 323527.85260646814, "top": 7317330.772710353, "right": 324527.85260646814, "bottom": 7316330.772710353, "row_index": 23.0, "col_index": 25.0}, "geometry": {"type": "MultiPolygon", "coordinates": [[[[323527.85260646814, 7317330.772710353], [324527.85260646814, 7317330.772710353], [324527.85260646814, 7316330.772710353], [323527.85260646814, 7316330.772710353], [323527.85260646814, 7317330.772710353]]]]}}, {"type": "Feature", "properties": {"id": 925.0, "left": 323527.85260646814, "top": 7316330.772710353, "right": 324527.85260646814, "bottom": 7315330.772710353, "row_index": 24.0, "col_index": 25.0}, "geometry": {"type": "MultiPolygon", "coordinates": [[[[323527.85260646814, 7316330.772710353], [324527.85260646814, 7316330.772710353], [324527.85260646814, 7315330.772710353], [323527.85260646814, 7315330.772710353], [323527.85260646814, 7316330.772710353]]]]}}, {"type": "Feature", "properties": {"id": 922.0, "left": 323527.85260646814, "top": 7319330.772710353, "right": 324527.85260646814, "bottom": 7318330.772710353, "row_index": 21.0, "col_index": 25.0}, "geometry": {"type": "MultiPolygon", "coordinates": [[[[323527.85260646814, 7319330.772710353], [324527.85260646814, 7319330.772710353], [324527.85260646814, 7318330.772710353], [323527.85260646814, 7318330.772710353], [323527.85260646814, 7319330.772710353]]]]}}, {"type": "Feature", "properties": {"id": 923.0, "left": 323527.85260646814, "top": 7318330.772710353, "right": 324527.85260646814, "bottom": 7317330.772710353, "row_index": 22.0, "col_index": 25.0}, "geometry": {"type": "MultiPolygon", "coordinates": [[[[323527.85260646814, 7318330.772710353], [324527.85260646814, 7318330.772710353], [324527.85260646814, 7317330.772710353], [323527.85260646814, 7317330.772710353], [323527.85260646814, 7318330.772710353]]]]}}, {"type": "Feature", "properties": {"id": 920.0, "left": 323527.85260646814, "top": 7321330.772710353, "right": 324527.85260646814, "bottom": 7320330.772710353, "row_index": 19.0, "col_index": 25.0}, "geometry": {"type": "MultiPolygon", "coordinates": [[[[323527.85260646814, 7321330.772710353], [324527.85260646814, 7321330.772710353], [324527.85260646814, 7320330.772710353], [323527.85260646814, 7320330.772710353], [323527.85260646814, 7321330.772710353]]]]}}, {"type": "Feature", "properties": {"id": 921.0, "left": 323527.85260646814, "top": 7320330.772710353, "right": 324527.85260646814, "bottom": 7319330.772710353, "row_index": 20.0, "col_index": 25.0}, "geometry": {"type": "MultiPolygon", "coordinates": [[[[323527.85260646814, 7320330.772710353], [324527.85260646814, 7320330.772710353], [324527.85260646814, 7319330.772710353], [323527.85260646814, 7319330.772710353], [323527.85260646814, 7320330.772710353]]]]}}, {"type": "Feature", "properties": {"id": 918.0, "left": 323527.85260646814, "top": 7323330.772710353, "right": 324527.85260646814, "bottom": 7322330.772710353, "row_index": 17.0, "col_index": 25.0}, "geometry": {"type": "MultiPolygon", "coordinates": [[[[323527.85260646814, 7323330.772710353], [324527.85260646814, 7323330.772710353], [324527.85260646814, 7322330.772710353], [323527.85260646814, 7322330.772710353], [323527.85260646814, 7323330.772710353]]]]}}, {"type": "Feature", "properties": {"id": 919.0, "left": 323527.85260646814, "top": 7322330.772710353, "right": 324527.85260646814, "bottom": 7321330.772710353, "row_index": 18.0, "col_index": 25.0}, "geometry": {"type": "MultiPolygon", "coordinates": [[[[323527.85260646814, 7322330.772710353], [324527.85260646814, 7322330.772710353], [324527.85260646814, 7321330.772710353], [323527.85260646814, 7321330.772710353], [323527.85260646814, 7322330.772710353]]]]}}, {"type": "Feature", "properties": {"id": 916.0, "left": 323527.85260646814, "top": 7325330.772710353, "right": 324527.85260646814, "bottom": 7324330.772710353, "row_index": 15.0, "col_index": 25.0}, "geometry": {"type": "MultiPolygon", "coordinates": [[[[323527.85260646814, 7325330.772710353], [324527.85260646814, 7325330.772710353], [324527.85260646814, 7324330.772710353], [323527.85260646814, 7324330.772710353], [323527.85260646814, 7325330.772710353]]]]}}, {"type": "Feature", "properties": {"id": 917.0, "left": 323527.85260646814, "top": 7324330.772710353, "right": 324527.85260646814, "bottom": 7323330.772710353, "row_index": 16.0, "col_index": 25.0}, "geometry": {"type": "MultiPolygon", "coordinates": [[[[323527.85260646814, 7324330.772710353], [324527.85260646814, 7324330.772710353], [324527.85260646814, 7323330.772710353], [323527.85260646814, 7323330.772710353], [323527.85260646814, 7324330.772710353]]]]}}, {"type": "Feature", "properties": {"id": 914.0, "left": 323527.85260646814, "top": 7327330.772710353, "right": 324527.85260646814, "bottom": 7326330.772710353, "row_index": 13.0, "col_index": 25.0}, "geometry": {"type": "MultiPolygon", "coordinates": [[[[323527.85260646814, 7327330.772710353], [324527.85260646814, 7327330.772710353], [324527.85260646814, 7326330.772710353], [323527.85260646814, 7326330.772710353], [323527.85260646814, 7327330.772710353]]]]}}, {"type": "Feature", "properties": {"id": 915.0, "left": 323527.85260646814, "top": 7326330.772710353, "right": 324527.85260646814, "bottom": 7325330.772710353, "row_index": 14.0, "col_index": 25.0}, "geometry": {"type": "MultiPolygon", "coordinates": [[[[323527.85260646814, 7326330.772710353], [324527.85260646814, 7326330.772710353], [324527.85260646814, 7325330.772710353], [323527.85260646814, 7325330.772710353], [323527.85260646814, 7326330.772710353]]]]}}, {"type": "Feature", "properties": {"id": 913.0, "left": 323527.85260646814, "top": 7328330.772710353, "right": 324527.85260646814, "bottom": 7327330.772710353, "row_index": 12.0, "col_index": 25.0}, "geometry": {"type": "MultiPolygon", "coordinates": [[[[323527.85260646814, 7328330.772710353], [324527.85260646814, 7328330.772710353], [324527.85260646814, 7327330.772710353], [323527.85260646814, 7327330.772710353], [323527.85260646814, 7328330.772710353]]]]}}, {"type": "Feature", "properties": {"id": 896.0, "left": 322527.85260646814, "top": 7309330.772710353, "right": 323527.85260646814, "bottom": 7308330.772710353, "row_index": 31.0, "col_index": 24.0}, "geometry": {"type": "MultiPolygon", "coordinates": [[[[322527.85260646814, 7309330.772710353], [323527.85260646814, 7309330.772710353], [323527.85260646814, 7308330.772710353], [322527.85260646814, 7308330.772710353], [322527.85260646814, 7309330.772710353]]]]}}, {"type": "Feature", "properties": {"id": 958.0, "left": 324527.85260646814, "top": 7319330.772710353, "right": 325527.85260646814, "bottom": 7318330.772710353, "row_index": 21.0, "col_index": 26.0}, "geometry": {"type": "MultiPolygon", "coordinates": [[[[324527.85260646814, 7319330.772710353], [325527.85260646814, 7319330.772710353], [325527.85260646814, 7318330.772710353], [324527.85260646814, 7318330.772710353], [324527.85260646814, 7319330.772710353]]]]}}, {"type": "Feature", "properties": {"id": 959.0, "left": 324527.85260646814, "top": 7318330.772710353, "right": 325527.85260646814, "bottom": 7317330.772710353, "row_index": 22.0, "col_index": 26.0}, "geometry": {"type": "MultiPolygon", "coordinates": [[[[324527.85260646814, 7318330.772710353], [325527.85260646814, 7318330.772710353], [325527.85260646814, 7317330.772710353], [324527.85260646814, 7317330.772710353], [324527.85260646814, 7318330.772710353]]]]}}, {"type": "Feature", "properties": {"id": 956.0, "left": 324527.85260646814, "top": 7321330.772710353, "right": 325527.85260646814, "bottom": 7320330.772710353, "row_index": 19.0, "col_index": 26.0}, "geometry": {"type": "MultiPolygon", "coordinates": [[[[324527.85260646814, 7321330.772710353], [325527.85260646814, 7321330.772710353], [325527.85260646814, 7320330.772710353], [324527.85260646814, 7320330.772710353], [324527.85260646814, 7321330.772710353]]]]}}, {"type": "Feature", "properties": {"id": 957.0, "left": 324527.85260646814, "top": 7320330.772710353, "right": 325527.85260646814, "bottom": 7319330.772710353, "row_index": 20.0, "col_index": 26.0}, "geometry": {"type": "MultiPolygon", "coordinates": [[[[324527.85260646814, 7320330.772710353], [325527.85260646814, 7320330.772710353], [325527.85260646814, 7319330.772710353], [324527.85260646814, 7319330.772710353], [324527.85260646814, 7320330.772710353]]]]}}, {"type": "Feature", "properties": {"id": 954.0, "left": 324527.85260646814, "top": 7323330.772710353, "right": 325527.85260646814, "bottom": 7322330.772710353, "row_index": 17.0, "col_index": 26.0}, "geometry": {"type": "MultiPolygon", "coordinates": [[[[324527.85260646814, 7323330.772710353], [325527.85260646814, 7323330.772710353], [325527.85260646814, 7322330.772710353], [324527.85260646814, 7322330.772710353], [324527.85260646814, 7323330.772710353]]]]}}, {"type": "Feature", "properties": {"id": 955.0, "left": 324527.85260646814, "top": 7322330.772710353, "right": 325527.85260646814, "bottom": 7321330.772710353, "row_index": 18.0, "col_index": 26.0}, "geometry": {"type": "MultiPolygon", "coordinates": [[[[324527.85260646814, 7322330.772710353], [325527.85260646814, 7322330.772710353], [325527.85260646814, 7321330.772710353], [324527.85260646814, 7321330.772710353], [324527.85260646814, 7322330.772710353]]]]}}, {"type": "Feature", "properties": {"id": 952.0, "left": 324527.85260646814, "top": 7325330.772710353, "right": 325527.85260646814, "bottom": 7324330.772710353, "row_index": 15.0, "col_index": 26.0}, "geometry": {"type": "MultiPolygon", "coordinates": [[[[324527.85260646814, 7325330.772710353], [325527.85260646814, 7325330.772710353], [325527.85260646814, 7324330.772710353], [324527.85260646814, 7324330.772710353], [324527.85260646814, 7325330.772710353]]]]}}, {"type": "Feature", "properties": {"id": 953.0, "left": 324527.85260646814, "top": 7324330.772710353, "right": 325527.85260646814, "bottom": 7323330.772710353, "row_index": 16.0, "col_index": 26.0}, "geometry": {"type": "MultiPolygon", "coordinates": [[[[324527.85260646814, 7324330.772710353], [325527.85260646814, 7324330.772710353], [325527.85260646814, 7323330.772710353], [324527.85260646814, 7323330.772710353], [324527.85260646814, 7324330.772710353]]]]}}, {"type": "Feature", "properties": {"id": 950.0, "left": 324527.85260646814, "top": 7327330.772710353, "right": 325527.85260646814, "bottom": 7326330.772710353, "row_index": 13.0, "col_index": 26.0}, "geometry": {"type": "MultiPolygon", "coordinates": [[[[324527.85260646814, 7327330.772710353], [325527.85260646814, 7327330.772710353], [325527.85260646814, 7326330.772710353], [324527.85260646814, 7326330.772710353], [324527.85260646814, 7327330.772710353]]]]}}, {"type": "Feature", "properties": {"id": 951.0, "left": 324527.85260646814, "top": 7326330.772710353, "right": 325527.85260646814, "bottom": 7325330.772710353, "row_index": 14.0, "col_index": 26.0}, "geometry": {"type": "MultiPolygon", "coordinates": [[[[324527.85260646814, 7326330.772710353], [325527.85260646814, 7326330.772710353], [325527.85260646814, 7325330.772710353], [324527.85260646814, 7325330.772710353], [324527.85260646814, 7326330.772710353]]]]}}, {"type": "Feature", "properties": {"id": 930.0, "left": 323527.85260646814, "top": 7311330.772710353, "right": 324527.85260646814, "bottom": 7310330.772710353, "row_index": 29.0, "col_index": 25.0}, "geometry": {"type": "MultiPolygon", "coordinates": [[[[323527.85260646814, 7311330.772710353], [324527.85260646814, 7311330.772710353], [324527.85260646814, 7310330.772710353], [323527.85260646814, 7310330.772710353], [323527.85260646814, 7311330.772710353]]]]}}, {"type": "Feature", "properties": {"id": 931.0, "left": 323527.85260646814, "top": 7310330.772710353, "right": 324527.85260646814, "bottom": 7309330.772710353, "row_index": 30.0, "col_index": 25.0}, "geometry": {"type": "MultiPolygon", "coordinates": [[[[323527.85260646814, 7310330.772710353], [324527.85260646814, 7310330.772710353], [324527.85260646814, 7309330.772710353], [323527.85260646814, 7309330.772710353], [323527.85260646814, 7310330.772710353]]]]}}, {"type": "Feature", "properties": {"id": 928.0, "left": 323527.85260646814, "top": 7313330.772710353, "right": 324527.85260646814, "bottom": 7312330.772710353, "row_index": 27.0, "col_index": 25.0}, "geometry": {"type": "MultiPolygon", "coordinates": [[[[323527.85260646814, 7313330.772710353], [324527.85260646814, 7313330.772710353], [324527.85260646814, 7312330.772710353], [323527.85260646814, 7312330.772710353], [323527.85260646814, 7313330.772710353]]]]}}, {"type": "Feature", "properties": {"id": 929.0, "left": 323527.85260646814, "top": 7312330.772710353, "right": 324527.85260646814, "bottom": 7311330.772710353, "row_index": 28.0, "col_index": 25.0}, "geometry": {"type": "MultiPolygon", "coordinates": [[[[323527.85260646814, 7312330.772710353], [324527.85260646814, 7312330.772710353], [324527.85260646814, 7311330.772710353], [323527.85260646814, 7311330.772710353], [323527.85260646814, 7312330.772710353]]]]}}, {"type": "Feature", "properties": {"id": 606.0, "left": 314527.85260646814, "top": 7311330.772710353, "right": 315527.85260646814, "bottom": 7310330.772710353, "row_index": 29.0, "col_index": 16.0}, "geometry": {"type": "MultiPolygon", "coordinates": [[[[314527.85260646814, 7311330.772710353], [315527.85260646814, 7311330.772710353], [315527.85260646814, 7310330.772710353], [314527.85260646814, 7310330.772710353], [314527.85260646814, 7311330.772710353]]]]}}, {"type": "Feature", "properties": {"id": 607.0, "left": 314527.85260646814, "top": 7310330.772710353, "right": 315527.85260646814, "bottom": 7309330.772710353, "row_index": 30.0, "col_index": 16.0}, "geometry": {"type": "MultiPolygon", "coordinates": [[[[314527.85260646814, 7310330.772710353], [315527.85260646814, 7310330.772710353], [315527.85260646814, 7309330.772710353], [314527.85260646814, 7309330.772710353], [314527.85260646814, 7310330.772710353]]]]}}, {"type": "Feature", "properties": {"id": 604.0, "left": 314527.85260646814, "top": 7313330.772710353, "right": 315527.85260646814, "bottom": 7312330.772710353, "row_index": 27.0, "col_index": 16.0}, "geometry": {"type": "MultiPolygon", "coordinates": [[[[314527.85260646814, 7313330.772710353], [315527.85260646814, 7313330.772710353], [315527.85260646814, 7312330.772710353], [314527.85260646814, 7312330.772710353], [314527.85260646814, 7313330.772710353]]]]}}, {"type": "Feature", "properties": {"id": 605.0, "left": 314527.85260646814, "top": 7312330.772710353, "right": 315527.85260646814, "bottom": 7311330.772710353, "row_index": 28.0, "col_index": 16.0}, "geometry": {"type": "MultiPolygon", "coordinates": [[[[314527.85260646814, 7312330.772710353], [315527.85260646814, 7312330.772710353], [315527.85260646814, 7311330.772710353], [314527.85260646814, 7311330.772710353], [314527.85260646814, 7312330.772710353]]]]}}, {"type": "Feature", "properties": {"id": 602.0, "left": 314527.85260646814, "top": 7315330.772710353, "right": 315527.85260646814, "bottom": 7314330.772710353, "row_index": 25.0, "col_index": 16.0}, "geometry": {"type": "MultiPolygon", "coordinates": [[[[314527.85260646814, 7315330.772710353], [315527.85260646814, 7315330.772710353], [315527.85260646814, 7314330.772710353], [314527.85260646814, 7314330.772710353], [314527.85260646814, 7315330.772710353]]]]}}, {"type": "Feature", "properties": {"id": 603.0, "left": 314527.85260646814, "top": 7314330.772710353, "right": 315527.85260646814, "bottom": 7313330.772710353, "row_index": 26.0, "col_index": 16.0}, "geometry": {"type": "MultiPolygon", "coordinates": [[[[314527.85260646814, 7314330.772710353], [315527.85260646814, 7314330.772710353], [315527.85260646814, 7313330.772710353], [314527.85260646814, 7313330.772710353], [314527.85260646814, 7314330.772710353]]]]}}, {"type": "Feature", "properties": {"id": 600.0, "left": 314527.85260646814, "top": 7317330.772710353, "right": 315527.85260646814, "bottom": 7316330.772710353, "row_index": 23.0, "col_index": 16.0}, "geometry": {"type": "MultiPolygon", "coordinates": [[[[314527.85260646814, 7317330.772710353], [315527.85260646814, 7317330.772710353], [315527.85260646814, 7316330.772710353], [314527.85260646814, 7316330.772710353], [314527.85260646814, 7317330.772710353]]]]}}, {"type": "Feature", "properties": {"id": 601.0, "left": 314527.85260646814, "top": 7316330.772710353, "right": 315527.85260646814, "bottom": 7315330.772710353, "row_index": 24.0, "col_index": 16.0}, "geometry": {"type": "MultiPolygon", "coordinates": [[[[314527.85260646814, 7316330.772710353], [315527.85260646814, 7316330.772710353], [315527.85260646814, 7315330.772710353], [314527.85260646814, 7315330.772710353], [314527.85260646814, 7316330.772710353]]]]}}, {"type": "Feature", "properties": {"id": 598.0, "left": 314527.85260646814, "top": 7319330.772710353, "right": 315527.85260646814, "bottom": 7318330.772710353, "row_index": 21.0, "col_index": 16.0}, "geometry": {"type": "MultiPolygon", "coordinates": [[[[314527.85260646814, 7319330.772710353], [315527.85260646814, 7319330.772710353], [315527.85260646814, 7318330.772710353], [314527.85260646814, 7318330.772710353], [314527.85260646814, 7319330.772710353]]]]}}, {"type": "Feature", "properties": {"id": 599.0, "left": 314527.85260646814, "top": 7318330.772710353, "right": 315527.85260646814, "bottom": 7317330.772710353, "row_index": 22.0, "col_index": 16.0}, "geometry": {"type": "MultiPolygon", "coordinates": [[[[314527.85260646814, 7318330.772710353], [315527.85260646814, 7318330.772710353], [315527.85260646814, 7317330.772710353], [314527.85260646814, 7317330.772710353], [314527.85260646814, 7318330.772710353]]]]}}, {"type": "Feature", "properties": {"id": 596.0, "left": 314527.85260646814, "top": 7321330.772710353, "right": 315527.85260646814, "bottom": 7320330.772710353, "row_index": 19.0, "col_index": 16.0}, "geometry": {"type": "MultiPolygon", "coordinates": [[[[314527.85260646814, 7321330.772710353], [315527.85260646814, 7321330.772710353], [315527.85260646814, 7320330.772710353], [314527.85260646814, 7320330.772710353], [314527.85260646814, 7321330.772710353]]]]}}, {"type": "Feature", "properties": {"id": 597.0, "left": 314527.85260646814, "top": 7320330.772710353, "right": 315527.85260646814, "bottom": 7319330.772710353, "row_index": 20.0, "col_index": 16.0}, "geometry": {"type": "MultiPolygon", "coordinates": [[[[314527.85260646814, 7320330.772710353], [315527.85260646814, 7320330.772710353], [315527.85260646814, 7319330.772710353], [314527.85260646814, 7319330.772710353], [314527.85260646814, 7320330.772710353]]]]}}, {"type": "Feature", "properties": {"id": 594.0, "left": 314527.85260646814, "top": 7323330.772710353, "right": 315527.85260646814, "bottom": 7322330.772710353, "row_index": 17.0, "col_index": 16.0}, "geometry": {"type": "MultiPolygon", "coordinates": [[[[314527.85260646814, 7323330.772710353], [315527.85260646814, 7323330.772710353], [315527.85260646814, 7322330.772710353], [314527.85260646814, 7322330.772710353], [314527.85260646814, 7323330.772710353]]]]}}, {"type": "Feature", "properties": {"id": 595.0, "left": 314527.85260646814, "top": 7322330.772710353, "right": 315527.85260646814, "bottom": 7321330.772710353, "row_index": 18.0, "col_index": 16.0}, "geometry": {"type": "MultiPolygon", "coordinates": [[[[314527.85260646814, 7322330.772710353], [315527.85260646814, 7322330.772710353], [315527.85260646814, 7321330.772710353], [314527.85260646814, 7321330.772710353], [314527.85260646814, 7322330.772710353]]]]}}, {"type": "Feature", "properties": {"id": 592.0, "left": 314527.85260646814, "top": 7325330.772710353, "right": 315527.85260646814, "bottom": 7324330.772710353, "row_index": 15.0, "col_index": 16.0}, "geometry": {"type": "MultiPolygon", "coordinates": [[[[314527.85260646814, 7325330.772710353], [315527.85260646814, 7325330.772710353], [315527.85260646814, 7324330.772710353], [314527.85260646814, 7324330.772710353], [314527.85260646814, 7325330.772710353]]]]}}, {"type": "Feature", "properties": {"id": 593.0, "left": 314527.85260646814, "top": 7324330.772710353, "right": 315527.85260646814, "bottom": 7323330.772710353, "row_index": 16.0, "col_index": 16.0}, "geometry": {"type": "MultiPolygon", "coordinates": [[[[314527.85260646814, 7324330.772710353], [315527.85260646814, 7324330.772710353], [315527.85260646814, 7323330.772710353], [314527.85260646814, 7323330.772710353], [314527.85260646814, 7324330.772710353]]]]}}, {"type": "Feature", "properties": {"id": 590.0, "left": 314527.85260646814, "top": 7327330.772710353, "right": 315527.85260646814, "bottom": 7326330.772710353, "row_index": 13.0, "col_index": 16.0}, "geometry": {"type": "MultiPolygon", "coordinates": [[[[314527.85260646814, 7327330.772710353], [315527.85260646814, 7327330.772710353], [315527.85260646814, 7326330.772710353], [314527.85260646814, 7326330.772710353], [314527.85260646814, 7327330.772710353]]]]}}, {"type": "Feature", "properties": {"id": 591.0, "left": 314527.85260646814, "top": 7326330.772710353, "right": 315527.85260646814, "bottom": 7325330.772710353, "row_index": 14.0, "col_index": 16.0}, "geometry": {"type": "MultiPolygon", "coordinates": [[[[314527.85260646814, 7326330.772710353], [315527.85260646814, 7326330.772710353], [315527.85260646814, 7325330.772710353], [314527.85260646814, 7325330.772710353], [314527.85260646814, 7326330.772710353]]]]}}, {"type": "Feature", "properties": {"id": 588.0, "left": 314527.85260646814, "top": 7329330.772710353, "right": 315527.85260646814, "bottom": 7328330.772710353, "row_index": 11.0, "col_index": 16.0}, "geometry": {"type": "MultiPolygon", "coordinates": [[[[314527.85260646814, 7329330.772710353], [315527.85260646814, 7329330.772710353], [315527.85260646814, 7328330.772710353], [314527.85260646814, 7328330.772710353], [314527.85260646814, 7329330.772710353]]]]}}, {"type": "Feature", "properties": {"id": 589.0, "left": 314527.85260646814, "top": 7328330.772710353, "right": 315527.85260646814, "bottom": 7327330.772710353, "row_index": 12.0, "col_index": 16.0}, "geometry": {"type": "MultiPolygon", "coordinates": [[[[314527.85260646814, 7328330.772710353], [315527.85260646814, 7328330.772710353], [315527.85260646814, 7327330.772710353], [314527.85260646814, 7327330.772710353], [314527.85260646814, 7328330.772710353]]]]}}, {"type": "Feature", "properties": {"id": 586.0, "left": 314527.85260646814, "top": 7331330.772710353, "right": 315527.85260646814, "bottom": 7330330.772710353, "row_index": 9.0, "col_index": 16.0}, "geometry": {"type": "MultiPolygon", "coordinates": [[[[314527.85260646814, 7331330.772710353], [315527.85260646814, 7331330.772710353], [315527.85260646814, 7330330.772710353], [314527.85260646814, 7330330.772710353], [314527.85260646814, 7331330.772710353]]]]}}, {"type": "Feature", "properties": {"id": 587.0, "left": 314527.85260646814, "top": 7330330.772710353, "right": 315527.85260646814, "bottom": 7329330.772710353, "row_index": 10.0, "col_index": 16.0}, "geometry": {"type": "MultiPolygon", "coordinates": [[[[314527.85260646814, 7330330.772710353], [315527.85260646814, 7330330.772710353], [315527.85260646814, 7329330.772710353], [314527.85260646814, 7329330.772710353], [314527.85260646814, 7330330.772710353]]]]}}, {"type": "Feature", "properties": {"id": 584.0, "left": 314527.85260646814, "top": 7333330.772710353, "right": 315527.85260646814, "bottom": 7332330.772710353, "row_index": 7.0, "col_index": 16.0}, "geometry": {"type": "MultiPolygon", "coordinates": [[[[314527.85260646814, 7333330.772710353], [315527.85260646814, 7333330.772710353], [315527.85260646814, 7332330.772710353], [314527.85260646814, 7332330.772710353], [314527.85260646814, 7333330.772710353]]]]}}, {"type": "Feature", "properties": {"id": 585.0, "left": 314527.85260646814, "top": 7332330.772710353, "right": 315527.85260646814, "bottom": 7331330.772710353, "row_index": 8.0, "col_index": 16.0}, "geometry": {"type": "MultiPolygon", "coordinates": [[[[314527.85260646814, 7332330.772710353], [315527.85260646814, 7332330.772710353], [315527.85260646814, 7331330.772710353], [314527.85260646814, 7331330.772710353], [314527.85260646814, 7332330.772710353]]]]}}, {"type": "Feature", "properties": {"id": 582.0, "left": 314527.85260646814, "top": 7335330.772710353, "right": 315527.85260646814, "bottom": 7334330.772710353, "row_index": 5.0, "col_index": 16.0}, "geometry": {"type": "MultiPolygon", "coordinates": [[[[314527.85260646814, 7335330.772710353], [315527.85260646814, 7335330.772710353], [315527.85260646814, 7334330.772710353], [314527.85260646814, 7334330.772710353], [314527.85260646814, 7335330.772710353]]]]}}, {"type": "Feature", "properties": {"id": 583.0, "left": 314527.85260646814, "top": 7334330.772710353, "right": 315527.85260646814, "bottom": 7333330.772710353, "row_index": 6.0, "col_index": 16.0}, "geometry": {"type": "MultiPolygon", "coordinates": [[[[314527.85260646814, 7334330.772710353], [315527.85260646814, 7334330.772710353], [315527.85260646814, 7333330.772710353], [314527.85260646814, 7333330.772710353], [314527.85260646814, 7334330.772710353]]]]}}, {"type": "Feature", "properties": {"id": 580.0, "left": 314527.85260646814, "top": 7337330.772710353, "right": 315527.85260646814, "bottom": 7336330.772710353, "row_index": 3.0, "col_index": 16.0}, "geometry": {"type": "MultiPolygon", "coordinates": [[[[314527.85260646814, 7337330.772710353], [315527.85260646814, 7337330.772710353], [315527.85260646814, 7336330.772710353], [314527.85260646814, 7336330.772710353], [314527.85260646814, 7337330.772710353]]]]}}, {"type": "Feature", "properties": {"id": 581.0, "left": 314527.85260646814, "top": 7336330.772710353, "right": 315527.85260646814, "bottom": 7335330.772710353, "row_index": 4.0, "col_index": 16.0}, "geometry": {"type": "MultiPolygon", "coordinates": [[[[314527.85260646814, 7336330.772710353], [315527.85260646814, 7336330.772710353], [315527.85260646814, 7335330.772710353], [314527.85260646814, 7335330.772710353], [314527.85260646814, 7336330.772710353]]]]}}, {"type": "Feature", "properties": {"id": 578.0, "left": 314527.85260646814, "top": 7339330.772710353, "right": 315527.85260646814, "bottom": 7338330.772710353, "row_index": 1.0, "col_index": 16.0}, "geometry": {"type": "MultiPolygon", "coordinates": [[[[314527.85260646814, 7339330.772710353], [315527.85260646814, 7339330.772710353], [315527.85260646814, 7338330.772710353], [314527.85260646814, 7338330.772710353], [314527.85260646814, 7339330.772710353]]]]}}, {"type": "Feature", "properties": {"id": 579.0, "left": 314527.85260646814, "top": 7338330.772710353, "right": 315527.85260646814, "bottom": 7337330.772710353, "row_index": 2.0, "col_index": 16.0}, "geometry": {"type": "MultiPolygon", "coordinates": [[[[314527.85260646814, 7338330.772710353], [315527.85260646814, 7338330.772710353], [315527.85260646814, 7337330.772710353], [314527.85260646814, 7337330.772710353], [314527.85260646814, 7338330.772710353]]]]}}, {"type": "Feature", "properties": {"id": 577.0, "left": 314527.85260646814, "top": 7340330.772710353, "right": 315527.85260646814, "bottom": 7339330.772710353, "row_index": 0.0, "col_index": 16.0}, "geometry": {"type": "MultiPolygon", "coordinates": [[[[314527.85260646814, 7340330.772710353], [315527.85260646814, 7340330.772710353], [315527.85260646814, 7339330.772710353], [314527.85260646814, 7339330.772710353], [314527.85260646814, 7340330.772710353]]]]}}, {"type": "Feature", "properties": {"id": 638.0, "left": 315527.85260646814, "top": 7315330.772710353, "right": 316527.85260646814, "bottom": 7314330.772710353, "row_index": 25.0, "col_index": 17.0}, "geometry": {"type": "MultiPolygon", "coordinates": [[[[315527.85260646814, 7315330.772710353], [316527.85260646814, 7315330.772710353], [316527.85260646814, 7314330.772710353], [315527.85260646814, 7314330.772710353], [315527.85260646814, 7315330.772710353]]]]}}, {"type": "Feature", "properties": {"id": 639.0, "left": 315527.85260646814, "top": 7314330.772710353, "right": 316527.85260646814, "bottom": 7313330.772710353, "row_index": 26.0, "col_index": 17.0}, "geometry": {"type": "MultiPolygon", "coordinates": [[[[315527.85260646814, 7314330.772710353], [316527.85260646814, 7314330.772710353], [316527.85260646814, 7313330.772710353], [315527.85260646814, 7313330.772710353], [315527.85260646814, 7314330.772710353]]]]}}, {"type": "Feature", "properties": {"id": 636.0, "left": 315527.85260646814, "top": 7317330.772710353, "right": 316527.85260646814, "bottom": 7316330.772710353, "row_index": 23.0, "col_index": 17.0}, "geometry": {"type": "MultiPolygon", "coordinates": [[[[315527.85260646814, 7317330.772710353], [316527.85260646814, 7317330.772710353], [316527.85260646814, 7316330.772710353], [315527.85260646814, 7316330.772710353], [315527.85260646814, 7317330.772710353]]]]}}, {"type": "Feature", "properties": {"id": 637.0, "left": 315527.85260646814, "top": 7316330.772710353, "right": 316527.85260646814, "bottom": 7315330.772710353, "row_index": 24.0, "col_index": 17.0}, "geometry": {"type": "MultiPolygon", "coordinates": [[[[315527.85260646814, 7316330.772710353], [316527.85260646814, 7316330.772710353], [316527.85260646814, 7315330.772710353], [315527.85260646814, 7315330.772710353], [315527.85260646814, 7316330.772710353]]]]}}, {"type": "Feature", "properties": {"id": 634.0, "left": 315527.85260646814, "top": 7319330.772710353, "right": 316527.85260646814, "bottom": 7318330.772710353, "row_index": 21.0, "col_index": 17.0}, "geometry": {"type": "MultiPolygon", "coordinates": [[[[315527.85260646814, 7319330.772710353], [316527.85260646814, 7319330.772710353], [316527.85260646814, 7318330.772710353], [315527.85260646814, 7318330.772710353], [315527.85260646814, 7319330.772710353]]]]}}, {"type": "Feature", "properties": {"id": 635.0, "left": 315527.85260646814, "top": 7318330.772710353, "right": 316527.85260646814, "bottom": 7317330.772710353, "row_index": 22.0, "col_index": 17.0}, "geometry": {"type": "MultiPolygon", "coordinates": [[[[315527.85260646814, 7318330.772710353], [316527.85260646814, 7318330.772710353], [316527.85260646814, 7317330.772710353], [315527.85260646814, 7317330.772710353], [315527.85260646814, 7318330.772710353]]]]}}, {"type": "Feature", "properties": {"id": 632.0, "left": 315527.85260646814, "top": 7321330.772710353, "right": 316527.85260646814, "bottom": 7320330.772710353, "row_index": 19.0, "col_index": 17.0}, "geometry": {"type": "MultiPolygon", "coordinates": [[[[315527.85260646814, 7321330.772710353], [316527.85260646814, 7321330.772710353], [316527.85260646814, 7320330.772710353], [315527.85260646814, 7320330.772710353], [315527.85260646814, 7321330.772710353]]]]}}, {"type": "Feature", "properties": {"id": 633.0, "left": 315527.85260646814, "top": 7320330.772710353, "right": 316527.85260646814, "bottom": 7319330.772710353, "row_index": 20.0, "col_index": 17.0}, "geometry": {"type": "MultiPolygon", "coordinates": [[[[315527.85260646814, 7320330.772710353], [316527.85260646814, 7320330.772710353], [316527.85260646814, 7319330.772710353], [315527.85260646814, 7319330.772710353], [315527.85260646814, 7320330.772710353]]]]}}, {"type": "Feature", "properties": {"id": 630.0, "left": 315527.85260646814, "top": 7323330.772710353, "right": 316527.85260646814, "bottom": 7322330.772710353, "row_index": 17.0, "col_index": 17.0}, "geometry": {"type": "MultiPolygon", "coordinates": [[[[315527.85260646814, 7323330.772710353], [316527.85260646814, 7323330.772710353], [316527.85260646814, 7322330.772710353], [315527.85260646814, 7322330.772710353], [315527.85260646814, 7323330.772710353]]]]}}, {"type": "Feature", "properties": {"id": 631.0, "left": 315527.85260646814, "top": 7322330.772710353, "right": 316527.85260646814, "bottom": 7321330.772710353, "row_index": 18.0, "col_index": 17.0}, "geometry": {"type": "MultiPolygon", "coordinates": [[[[315527.85260646814, 7322330.772710353], [316527.85260646814, 7322330.772710353], [316527.85260646814, 7321330.772710353], [315527.85260646814, 7321330.772710353], [315527.85260646814, 7322330.772710353]]]]}}, {"type": "Feature", "properties": {"id": 628.0, "left": 315527.85260646814, "top": 7325330.772710353, "right": 316527.85260646814, "bottom": 7324330.772710353, "row_index": 15.0, "col_index": 17.0}, "geometry": {"type": "MultiPolygon", "coordinates": [[[[315527.85260646814, 7325330.772710353], [316527.85260646814, 7325330.772710353], [316527.85260646814, 7324330.772710353], [315527.85260646814, 7324330.772710353], [315527.85260646814, 7325330.772710353]]]]}}, {"type": "Feature", "properties": {"id": 629.0, "left": 315527.85260646814, "top": 7324330.772710353, "right": 316527.85260646814, "bottom": 7323330.772710353, "row_index": 16.0, "col_index": 17.0}, "geometry": {"type": "MultiPolygon", "coordinates": [[[[315527.85260646814, 7324330.772710353], [316527.85260646814, 7324330.772710353], [316527.85260646814, 7323330.772710353], [315527.85260646814, 7323330.772710353], [315527.85260646814, 7324330.772710353]]]]}}, {"type": "Feature", "properties": {"id": 626.0, "left": 315527.85260646814, "top": 7327330.772710353, "right": 316527.85260646814, "bottom": 7326330.772710353, "row_index": 13.0, "col_index": 17.0}, "geometry": {"type": "MultiPolygon", "coordinates": [[[[315527.85260646814, 7327330.772710353], [316527.85260646814, 7327330.772710353], [316527.85260646814, 7326330.772710353], [315527.85260646814, 7326330.772710353], [315527.85260646814, 7327330.772710353]]]]}}, {"type": "Feature", "properties": {"id": 627.0, "left": 315527.85260646814, "top": 7326330.772710353, "right": 316527.85260646814, "bottom": 7325330.772710353, "row_index": 14.0, "col_index": 17.0}, "geometry": {"type": "MultiPolygon", "coordinates": [[[[315527.85260646814, 7326330.772710353], [316527.85260646814, 7326330.772710353], [316527.85260646814, 7325330.772710353], [315527.85260646814, 7325330.772710353], [315527.85260646814, 7326330.772710353]]]]}}, {"type": "Feature", "properties": {"id": 624.0, "left": 315527.85260646814, "top": 7329330.772710353, "right": 316527.85260646814, "bottom": 7328330.772710353, "row_index": 11.0, "col_index": 17.0}, "geometry": {"type": "MultiPolygon", "coordinates": [[[[315527.85260646814, 7329330.772710353], [316527.85260646814, 7329330.772710353], [316527.85260646814, 7328330.772710353], [315527.85260646814, 7328330.772710353], [315527.85260646814, 7329330.772710353]]]]}}, {"type": "Feature", "properties": {"id": 625.0, "left": 315527.85260646814, "top": 7328330.772710353, "right": 316527.85260646814, "bottom": 7327330.772710353, "row_index": 12.0, "col_index": 17.0}, "geometry": {"type": "MultiPolygon", "coordinates": [[[[315527.85260646814, 7328330.772710353], [316527.85260646814, 7328330.772710353], [316527.85260646814, 7327330.772710353], [315527.85260646814, 7327330.772710353], [315527.85260646814, 7328330.772710353]]]]}}, {"type": "Feature", "properties": {"id": 622.0, "left": 315527.85260646814, "top": 7331330.772710353, "right": 316527.85260646814, "bottom": 7330330.772710353, "row_index": 9.0, "col_index": 17.0}, "geometry": {"type": "MultiPolygon", "coordinates": [[[[315527.85260646814, 7331330.772710353], [316527.85260646814, 7331330.772710353], [316527.85260646814, 7330330.772710353], [315527.85260646814, 7330330.772710353], [315527.85260646814, 7331330.772710353]]]]}}, {"type": "Feature", "properties": {"id": 623.0, "left": 315527.85260646814, "top": 7330330.772710353, "right": 316527.85260646814, "bottom": 7329330.772710353, "row_index": 10.0, "col_index": 17.0}, "geometry": {"type": "MultiPolygon", "coordinates": [[[[315527.85260646814, 7330330.772710353], [316527.85260646814, 7330330.772710353], [316527.85260646814, 7329330.772710353], [315527.85260646814, 7329330.772710353], [315527.85260646814, 7330330.772710353]]]]}}, {"type": "Feature", "properties": {"id": 620.0, "left": 315527.85260646814, "top": 7333330.772710353, "right": 316527.85260646814, "bottom": 7332330.772710353, "row_index": 7.0, "col_index": 17.0}, "geometry": {"type": "MultiPolygon", "coordinates": [[[[315527.85260646814, 7333330.772710353], [316527.85260646814, 7333330.772710353], [316527.85260646814, 7332330.772710353], [315527.85260646814, 7332330.772710353], [315527.85260646814, 7333330.772710353]]]]}}, {"type": "Feature", "properties": {"id": 621.0, "left": 315527.85260646814, "top": 7332330.772710353, "right": 316527.85260646814, "bottom": 7331330.772710353, "row_index": 8.0, "col_index": 17.0}, "geometry": {"type": "MultiPolygon", "coordinates": [[[[315527.85260646814, 7332330.772710353], [316527.85260646814, 7332330.772710353], [316527.85260646814, 7331330.772710353], [315527.85260646814, 7331330.772710353], [315527.85260646814, 7332330.772710353]]]]}}, {"type": "Feature", "properties": {"id": 618.0, "left": 315527.85260646814, "top": 7335330.772710353, "right": 316527.85260646814, "bottom": 7334330.772710353, "row_index": 5.0, "col_index": 17.0}, "geometry": {"type": "MultiPolygon", "coordinates": [[[[315527.85260646814, 7335330.772710353], [316527.85260646814, 7335330.772710353], [316527.85260646814, 7334330.772710353], [315527.85260646814, 7334330.772710353], [315527.85260646814, 7335330.772710353]]]]}}, {"type": "Feature", "properties": {"id": 619.0, "left": 315527.85260646814, "top": 7334330.772710353, "right": 316527.85260646814, "bottom": 7333330.772710353, "row_index": 6.0, "col_index": 17.0}, "geometry": {"type": "MultiPolygon", "coordinates": [[[[315527.85260646814, 7334330.772710353], [316527.85260646814, 7334330.772710353], [316527.85260646814, 7333330.772710353], [315527.85260646814, 7333330.772710353], [315527.85260646814, 7334330.772710353]]]]}}, {"type": "Feature", "properties": {"id": 616.0, "left": 315527.85260646814, "top": 7337330.772710353, "right": 316527.85260646814, "bottom": 7336330.772710353, "row_index": 3.0, "col_index": 17.0}, "geometry": {"type": "MultiPolygon", "coordinates": [[[[315527.85260646814, 7337330.772710353], [316527.85260646814, 7337330.772710353], [316527.85260646814, 7336330.772710353], [315527.85260646814, 7336330.772710353], [315527.85260646814, 7337330.772710353]]]]}}, {"type": "Feature", "properties": {"id": 617.0, "left": 315527.85260646814, "top": 7336330.772710353, "right": 316527.85260646814, "bottom": 7335330.772710353, "row_index": 4.0, "col_index": 17.0}, "geometry": {"type": "MultiPolygon", "coordinates": [[[[315527.85260646814, 7336330.772710353], [316527.85260646814, 7336330.772710353], [316527.85260646814, 7335330.772710353], [315527.85260646814, 7335330.772710353], [315527.85260646814, 7336330.772710353]]]]}}, {"type": "Feature", "properties": {"id": 614.0, "left": 315527.85260646814, "top": 7339330.772710353, "right": 316527.85260646814, "bottom": 7338330.772710353, "row_index": 1.0, "col_index": 17.0}, "geometry": {"type": "MultiPolygon", "coordinates": [[[[315527.85260646814, 7339330.772710353], [316527.85260646814, 7339330.772710353], [316527.85260646814, 7338330.772710353], [315527.85260646814, 7338330.772710353], [315527.85260646814, 7339330.772710353]]]]}}, {"type": "Feature", "properties": {"id": 615.0, "left": 315527.85260646814, "top": 7338330.772710353, "right": 316527.85260646814, "bottom": 7337330.772710353, "row_index": 2.0, "col_index": 17.0}, "geometry": {"type": "MultiPolygon", "coordinates": [[[[315527.85260646814, 7338330.772710353], [316527.85260646814, 7338330.772710353], [316527.85260646814, 7337330.772710353], [315527.85260646814, 7337330.772710353], [315527.85260646814, 7338330.772710353]]]]}}, {"type": "Feature", "properties": {"id": 613.0, "left": 315527.85260646814, "top": 7340330.772710353, "right": 316527.85260646814, "bottom": 7339330.772710353, "row_index": 0.0, "col_index": 17.0}, "geometry": {"type": "MultiPolygon", "coordinates": [[[[315527.85260646814, 7340330.772710353], [316527.85260646814, 7340330.772710353], [316527.85260646814, 7339330.772710353], [315527.85260646814, 7339330.772710353], [315527.85260646814, 7340330.772710353]]]]}}, {"type": "Feature", "properties": {"id": 542.0, "left": 313527.85260646814, "top": 7339330.772710353, "right": 314527.85260646814, "bottom": 7338330.772710353, "row_index": 1.0, "col_index": 15.0}, "geometry": {"type": "MultiPolygon", "coordinates": [[[[313527.85260646814, 7339330.772710353], [314527.85260646814, 7339330.772710353], [314527.85260646814, 7338330.772710353], [313527.85260646814, 7338330.772710353], [313527.85260646814, 7339330.772710353]]]]}}, {"type": "Feature", "properties": {"id": 543.0, "left": 313527.85260646814, "top": 7338330.772710353, "right": 314527.85260646814, "bottom": 7337330.772710353, "row_index": 2.0, "col_index": 15.0}, "geometry": {"type": "MultiPolygon", "coordinates": [[[[313527.85260646814, 7338330.772710353], [314527.85260646814, 7338330.772710353], [314527.85260646814, 7337330.772710353], [313527.85260646814, 7337330.772710353], [313527.85260646814, 7338330.772710353]]]]}}, {"type": "Feature", "properties": {"id": 541.0, "left": 313527.85260646814, "top": 7340330.772710353, "right": 314527.85260646814, "bottom": 7339330.772710353, "row_index": 0.0, "col_index": 15.0}, "geometry": {"type": "MultiPolygon", "coordinates": [[[[313527.85260646814, 7340330.772710353], [314527.85260646814, 7340330.772710353], [314527.85260646814, 7339330.772710353], [313527.85260646814, 7339330.772710353], [313527.85260646814, 7340330.772710353]]]]}}, {"type": "Feature", "properties": {"id": 536.0, "left": 312527.85260646814, "top": 7309330.772710353, "right": 313527.85260646814, "bottom": 7308330.772710353, "row_index": 31.0, "col_index": 14.0}, "geometry": {"type": "MultiPolygon", "coordinates": [[[[312527.85260646814, 7309330.772710353], [313527.85260646814, 7309330.772710353], [313527.85260646814, 7308330.772710353], [312527.85260646814, 7308330.772710353], [312527.85260646814, 7309330.772710353]]]]}}, {"type": "Feature", "properties": {"id": 534.0, "left": 312527.85260646814, "top": 7311330.772710353, "right": 313527.85260646814, "bottom": 7310330.772710353, "row_index": 29.0, "col_index": 14.0}, "geometry": {"type": "MultiPolygon", "coordinates": [[[[312527.85260646814, 7311330.772710353], [313527.85260646814, 7311330.772710353], [313527.85260646814, 7310330.772710353], [312527.85260646814, 7310330.772710353], [312527.85260646814, 7311330.772710353]]]]}}, {"type": "Feature", "properties": {"id": 535.0, "left": 312527.85260646814, "top": 7310330.772710353, "right": 313527.85260646814, "bottom": 7309330.772710353, "row_index": 30.0, "col_index": 14.0}, "geometry": {"type": "MultiPolygon", "coordinates": [[[[312527.85260646814, 7310330.772710353], [313527.85260646814, 7310330.772710353], [313527.85260646814, 7309330.772710353], [312527.85260646814, 7309330.772710353], [312527.85260646814, 7310330.772710353]]]]}}, {"type": "Feature", "properties": {"id": 532.0, "left": 312527.85260646814, "top": 7313330.772710353, "right": 313527.85260646814, "bottom": 7312330.772710353, "row_index": 27.0, "col_index": 14.0}, "geometry": {"type": "MultiPolygon", "coordinates": [[[[312527.85260646814, 7313330.772710353], [313527.85260646814, 7313330.772710353], [313527.85260646814, 7312330.772710353], [312527.85260646814, 7312330.772710353], [312527.85260646814, 7313330.772710353]]]]}}, {"type": "Feature", "properties": {"id": 533.0, "left": 312527.85260646814, "top": 7312330.772710353, "right": 313527.85260646814, "bottom": 7311330.772710353, "row_index": 28.0, "col_index": 14.0}, "geometry": {"type": "MultiPolygon", "coordinates": [[[[312527.85260646814, 7312330.772710353], [313527.85260646814, 7312330.772710353], [313527.85260646814, 7311330.772710353], [312527.85260646814, 7311330.772710353], [312527.85260646814, 7312330.772710353]]]]}}, {"type": "Feature", "properties": {"id": 530.0, "left": 312527.85260646814, "top": 7315330.772710353, "right": 313527.85260646814, "bottom": 7314330.772710353, "row_index": 25.0, "col_index": 14.0}, "geometry": {"type": "MultiPolygon", "coordinates": [[[[312527.85260646814, 7315330.772710353], [313527.85260646814, 7315330.772710353], [313527.85260646814, 7314330.772710353], [312527.85260646814, 7314330.772710353], [312527.85260646814, 7315330.772710353]]]]}}, {"type": "Feature", "properties": {"id": 531.0, "left": 312527.85260646814, "top": 7314330.772710353, "right": 313527.85260646814, "bottom": 7313330.772710353, "row_index": 26.0, "col_index": 14.0}, "geometry": {"type": "MultiPolygon", "coordinates": [[[[312527.85260646814, 7314330.772710353], [313527.85260646814, 7314330.772710353], [313527.85260646814, 7313330.772710353], [312527.85260646814, 7313330.772710353], [312527.85260646814, 7314330.772710353]]]]}}, {"type": "Feature", "properties": {"id": 528.0, "left": 312527.85260646814, "top": 7317330.772710353, "right": 313527.85260646814, "bottom": 7316330.772710353, "row_index": 23.0, "col_index": 14.0}, "geometry": {"type": "MultiPolygon", "coordinates": [[[[312527.85260646814, 7317330.772710353], [313527.85260646814, 7317330.772710353], [313527.85260646814, 7316330.772710353], [312527.85260646814, 7316330.772710353], [312527.85260646814, 7317330.772710353]]]]}}, {"type": "Feature", "properties": {"id": 529.0, "left": 312527.85260646814, "top": 7316330.772710353, "right": 313527.85260646814, "bottom": 7315330.772710353, "row_index": 24.0, "col_index": 14.0}, "geometry": {"type": "MultiPolygon", "coordinates": [[[[312527.85260646814, 7316330.772710353], [313527.85260646814, 7316330.772710353], [313527.85260646814, 7315330.772710353], [312527.85260646814, 7315330.772710353], [312527.85260646814, 7316330.772710353]]]]}}, {"type": "Feature", "properties": {"id": 526.0, "left": 312527.85260646814, "top": 7319330.772710353, "right": 313527.85260646814, "bottom": 7318330.772710353, "row_index": 21.0, "col_index": 14.0}, "geometry": {"type": "MultiPolygon", "coordinates": [[[[312527.85260646814, 7319330.772710353], [313527.85260646814, 7319330.772710353], [313527.85260646814, 7318330.772710353], [312527.85260646814, 7318330.772710353], [312527.85260646814, 7319330.772710353]]]]}}, {"type": "Feature", "properties": {"id": 527.0, "left": 312527.85260646814, "top": 7318330.772710353, "right": 313527.85260646814, "bottom": 7317330.772710353, "row_index": 22.0, "col_index": 14.0}, "geometry": {"type": "MultiPolygon", "coordinates": [[[[312527.85260646814, 7318330.772710353], [313527.85260646814, 7318330.772710353], [313527.85260646814, 7317330.772710353], [312527.85260646814, 7317330.772710353], [312527.85260646814, 7318330.772710353]]]]}}, {"type": "Feature", "properties": {"id": 524.0, "left": 312527.85260646814, "top": 7321330.772710353, "right": 313527.85260646814, "bottom": 7320330.772710353, "row_index": 19.0, "col_index": 14.0}, "geometry": {"type": "MultiPolygon", "coordinates": [[[[312527.85260646814, 7321330.772710353], [313527.85260646814, 7321330.772710353], [313527.85260646814, 7320330.772710353], [312527.85260646814, 7320330.772710353], [312527.85260646814, 7321330.772710353]]]]}}, {"type": "Feature", "properties": {"id": 525.0, "left": 312527.85260646814, "top": 7320330.772710353, "right": 313527.85260646814, "bottom": 7319330.772710353, "row_index": 20.0, "col_index": 14.0}, "geometry": {"type": "MultiPolygon", "coordinates": [[[[312527.85260646814, 7320330.772710353], [313527.85260646814, 7320330.772710353], [313527.85260646814, 7319330.772710353], [312527.85260646814, 7319330.772710353], [312527.85260646814, 7320330.772710353]]]]}}, {"type": "Feature", "properties": {"id": 522.0, "left": 312527.85260646814, "top": 7323330.772710353, "right": 313527.85260646814, "bottom": 7322330.772710353, "row_index": 17.0, "col_index": 14.0}, "geometry": {"type": "MultiPolygon", "coordinates": [[[[312527.85260646814, 7323330.772710353], [313527.85260646814, 7323330.772710353], [313527.85260646814, 7322330.772710353], [312527.85260646814, 7322330.772710353], [312527.85260646814, 7323330.772710353]]]]}}, {"type": "Feature", "properties": {"id": 523.0, "left": 312527.85260646814, "top": 7322330.772710353, "right": 313527.85260646814, "bottom": 7321330.772710353, "row_index": 18.0, "col_index": 14.0}, "geometry": {"type": "MultiPolygon", "coordinates": [[[[312527.85260646814, 7322330.772710353], [313527.85260646814, 7322330.772710353], [313527.85260646814, 7321330.772710353], [312527.85260646814, 7321330.772710353], [312527.85260646814, 7322330.772710353]]]]}}, {"type": "Feature", "properties": {"id": 520.0, "left": 312527.85260646814, "top": 7325330.772710353, "right": 313527.85260646814, "bottom": 7324330.772710353, "row_index": 15.0, "col_index": 14.0}, "geometry": {"type": "MultiPolygon", "coordinates": [[[[312527.85260646814, 7325330.772710353], [313527.85260646814, 7325330.772710353], [313527.85260646814, 7324330.772710353], [312527.85260646814, 7324330.772710353], [312527.85260646814, 7325330.772710353]]]]}}, {"type": "Feature", "properties": {"id": 521.0, "left": 312527.85260646814, "top": 7324330.772710353, "right": 313527.85260646814, "bottom": 7323330.772710353, "row_index": 16.0, "col_index": 14.0}, "geometry": {"type": "MultiPolygon", "coordinates": [[[[312527.85260646814, 7324330.772710353], [313527.85260646814, 7324330.772710353], [313527.85260646814, 7323330.772710353], [312527.85260646814, 7323330.772710353], [312527.85260646814, 7324330.772710353]]]]}}, {"type": "Feature", "properties": {"id": 518.0, "left": 312527.85260646814, "top": 7327330.772710353, "right": 313527.85260646814, "bottom": 7326330.772710353, "row_index": 13.0, "col_index": 14.0}, "geometry": {"type": "MultiPolygon", "coordinates": [[[[312527.85260646814, 7327330.772710353], [313527.85260646814, 7327330.772710353], [313527.85260646814, 7326330.772710353], [312527.85260646814, 7326330.772710353], [312527.85260646814, 7327330.772710353]]]]}}, {"type": "Feature", "properties": {"id": 519.0, "left": 312527.85260646814, "top": 7326330.772710353, "right": 313527.85260646814, "bottom": 7325330.772710353, "row_index": 14.0, "col_index": 14.0}, "geometry": {"type": "MultiPolygon", "coordinates": [[[[312527.85260646814, 7326330.772710353], [313527.85260646814, 7326330.772710353], [313527.85260646814, 7325330.772710353], [312527.85260646814, 7325330.772710353], [312527.85260646814, 7326330.772710353]]]]}}, {"type": "Feature", "properties": {"id": 516.0, "left": 312527.85260646814, "top": 7329330.772710353, "right": 313527.85260646814, "bottom": 7328330.772710353, "row_index": 11.0, "col_index": 14.0}, "geometry": {"type": "MultiPolygon", "coordinates": [[[[312527.85260646814, 7329330.772710353], [313527.85260646814, 7329330.772710353], [313527.85260646814, 7328330.772710353], [312527.85260646814, 7328330.772710353], [312527.85260646814, 7329330.772710353]]]]}}, {"type": "Feature", "properties": {"id": 517.0, "left": 312527.85260646814, "top": 7328330.772710353, "right": 313527.85260646814, "bottom": 7327330.772710353, "row_index": 12.0, "col_index": 14.0}, "geometry": {"type": "MultiPolygon", "coordinates": [[[[312527.85260646814, 7328330.772710353], [313527.85260646814, 7328330.772710353], [313527.85260646814, 7327330.772710353], [312527.85260646814, 7327330.772710353], [312527.85260646814, 7328330.772710353]]]]}}, {"type": "Feature", "properties": {"id": 514.0, "left": 312527.85260646814, "top": 7331330.772710353, "right": 313527.85260646814, "bottom": 7330330.772710353, "row_index": 9.0, "col_index": 14.0}, "geometry": {"type": "MultiPolygon", "coordinates": [[[[312527.85260646814, 7331330.772710353], [313527.85260646814, 7331330.772710353], [313527.85260646814, 7330330.772710353], [312527.85260646814, 7330330.772710353], [312527.85260646814, 7331330.772710353]]]]}}, {"type": "Feature", "properties": {"id": 515.0, "left": 312527.85260646814, "top": 7330330.772710353, "right": 313527.85260646814, "bottom": 7329330.772710353, "row_index": 10.0, "col_index": 14.0}, "geometry": {"type": "MultiPolygon", "coordinates": [[[[312527.85260646814, 7330330.772710353], [313527.85260646814, 7330330.772710353], [313527.85260646814, 7329330.772710353], [312527.85260646814, 7329330.772710353], [312527.85260646814, 7330330.772710353]]]]}}, {"type": "Feature", "properties": {"id": 512.0, "left": 312527.85260646814, "top": 7333330.772710353, "right": 313527.85260646814, "bottom": 7332330.772710353, "row_index": 7.0, "col_index": 14.0}, "geometry": {"type": "MultiPolygon", "coordinates": [[[[312527.85260646814, 7333330.772710353], [313527.85260646814, 7333330.772710353], [313527.85260646814, 7332330.772710353], [312527.85260646814, 7332330.772710353], [312527.85260646814, 7333330.772710353]]]]}}, {"type": "Feature", "properties": {"id": 513.0, "left": 312527.85260646814, "top": 7332330.772710353, "right": 313527.85260646814, "bottom": 7331330.772710353, "row_index": 8.0, "col_index": 14.0}, "geometry": {"type": "MultiPolygon", "coordinates": [[[[312527.85260646814, 7332330.772710353], [313527.85260646814, 7332330.772710353], [313527.85260646814, 7331330.772710353], [312527.85260646814, 7331330.772710353], [312527.85260646814, 7332330.772710353]]]]}}, {"type": "Feature", "properties": {"id": 570.0, "left": 313527.85260646814, "top": 7311330.772710353, "right": 314527.85260646814, "bottom": 7310330.772710353, "row_index": 29.0, "col_index": 15.0}, "geometry": {"type": "MultiPolygon", "coordinates": [[[[313527.85260646814, 7311330.772710353], [314527.85260646814, 7311330.772710353], [314527.85260646814, 7310330.772710353], [313527.85260646814, 7310330.772710353], [313527.85260646814, 7311330.772710353]]]]}}, {"type": "Feature", "properties": {"id": 571.0, "left": 313527.85260646814, "top": 7310330.772710353, "right": 314527.85260646814, "bottom": 7309330.772710353, "row_index": 30.0, "col_index": 15.0}, "geometry": {"type": "MultiPolygon", "coordinates": [[[[313527.85260646814, 7310330.772710353], [314527.85260646814, 7310330.772710353], [314527.85260646814, 7309330.772710353], [313527.85260646814, 7309330.772710353], [313527.85260646814, 7310330.772710353]]]]}}, {"type": "Feature", "properties": {"id": 568.0, "left": 313527.85260646814, "top": 7313330.772710353, "right": 314527.85260646814, "bottom": 7312330.772710353, "row_index": 27.0, "col_index": 15.0}, "geometry": {"type": "MultiPolygon", "coordinates": [[[[313527.85260646814, 7313330.772710353], [314527.85260646814, 7313330.772710353], [314527.85260646814, 7312330.772710353], [313527.85260646814, 7312330.772710353], [313527.85260646814, 7313330.772710353]]]]}}, {"type": "Feature", "properties": {"id": 569.0, "left": 313527.85260646814, "top": 7312330.772710353, "right": 314527.85260646814, "bottom": 7311330.772710353, "row_index": 28.0, "col_index": 15.0}, "geometry": {"type": "MultiPolygon", "coordinates": [[[[313527.85260646814, 7312330.772710353], [314527.85260646814, 7312330.772710353], [314527.85260646814, 7311330.772710353], [313527.85260646814, 7311330.772710353], [313527.85260646814, 7312330.772710353]]]]}}, {"type": "Feature", "properties": {"id": 566.0, "left": 313527.85260646814, "top": 7315330.772710353, "right": 314527.85260646814, "bottom": 7314330.772710353, "row_index": 25.0, "col_index": 15.0}, "geometry": {"type": "MultiPolygon", "coordinates": [[[[313527.85260646814, 7315330.772710353], [314527.85260646814, 7315330.772710353], [314527.85260646814, 7314330.772710353], [313527.85260646814, 7314330.772710353], [313527.85260646814, 7315330.772710353]]]]}}, {"type": "Feature", "properties": {"id": 567.0, "left": 313527.85260646814, "top": 7314330.772710353, "right": 314527.85260646814, "bottom": 7313330.772710353, "row_index": 26.0, "col_index": 15.0}, "geometry": {"type": "MultiPolygon", "coordinates": [[[[313527.85260646814, 7314330.772710353], [314527.85260646814, 7314330.772710353], [314527.85260646814, 7313330.772710353], [313527.85260646814, 7313330.772710353], [313527.85260646814, 7314330.772710353]]]]}}, {"type": "Feature", "properties": {"id": 564.0, "left": 313527.85260646814, "top": 7317330.772710353, "right": 314527.85260646814, "bottom": 7316330.772710353, "row_index": 23.0, "col_index": 15.0}, "geometry": {"type": "MultiPolygon", "coordinates": [[[[313527.85260646814, 7317330.772710353], [314527.85260646814, 7317330.772710353], [314527.85260646814, 7316330.772710353], [313527.85260646814, 7316330.772710353], [313527.85260646814, 7317330.772710353]]]]}}, {"type": "Feature", "properties": {"id": 565.0, "left": 313527.85260646814, "top": 7316330.772710353, "right": 314527.85260646814, "bottom": 7315330.772710353, "row_index": 24.0, "col_index": 15.0}, "geometry": {"type": "MultiPolygon", "coordinates": [[[[313527.85260646814, 7316330.772710353], [314527.85260646814, 7316330.772710353], [314527.85260646814, 7315330.772710353], [313527.85260646814, 7315330.772710353], [313527.85260646814, 7316330.772710353]]]]}}, {"type": "Feature", "properties": {"id": 562.0, "left": 313527.85260646814, "top": 7319330.772710353, "right": 314527.85260646814, "bottom": 7318330.772710353, "row_index": 21.0, "col_index": 15.0}, "geometry": {"type": "MultiPolygon", "coordinates": [[[[313527.85260646814, 7319330.772710353], [314527.85260646814, 7319330.772710353], [314527.85260646814, 7318330.772710353], [313527.85260646814, 7318330.772710353], [313527.85260646814, 7319330.772710353]]]]}}, {"type": "Feature", "properties": {"id": 563.0, "left": 313527.85260646814, "top": 7318330.772710353, "right": 314527.85260646814, "bottom": 7317330.772710353, "row_index": 22.0, "col_index": 15.0}, "geometry": {"type": "MultiPolygon", "coordinates": [[[[313527.85260646814, 7318330.772710353], [314527.85260646814, 7318330.772710353], [314527.85260646814, 7317330.772710353], [313527.85260646814, 7317330.772710353], [313527.85260646814, 7318330.772710353]]]]}}, {"type": "Feature", "properties": {"id": 560.0, "left": 313527.85260646814, "top": 7321330.772710353, "right": 314527.85260646814, "bottom": 7320330.772710353, "row_index": 19.0, "col_index": 15.0}, "geometry": {"type": "MultiPolygon", "coordinates": [[[[313527.85260646814, 7321330.772710353], [314527.85260646814, 7321330.772710353], [314527.85260646814, 7320330.772710353], [313527.85260646814, 7320330.772710353], [313527.85260646814, 7321330.772710353]]]]}}, {"type": "Feature", "properties": {"id": 561.0, "left": 313527.85260646814, "top": 7320330.772710353, "right": 314527.85260646814, "bottom": 7319330.772710353, "row_index": 20.0, "col_index": 15.0}, "geometry": {"type": "MultiPolygon", "coordinates": [[[[313527.85260646814, 7320330.772710353], [314527.85260646814, 7320330.772710353], [314527.85260646814, 7319330.772710353], [313527.85260646814, 7319330.772710353], [313527.85260646814, 7320330.772710353]]]]}}, {"type": "Feature", "properties": {"id": 558.0, "left": 313527.85260646814, "top": 7323330.772710353, "right": 314527.85260646814, "bottom": 7322330.772710353, "row_index": 17.0, "col_index": 15.0}, "geometry": {"type": "MultiPolygon", "coordinates": [[[[313527.85260646814, 7323330.772710353], [314527.85260646814, 7323330.772710353], [314527.85260646814, 7322330.772710353], [313527.85260646814, 7322330.772710353], [313527.85260646814, 7323330.772710353]]]]}}, {"type": "Feature", "properties": {"id": 559.0, "left": 313527.85260646814, "top": 7322330.772710353, "right": 314527.85260646814, "bottom": 7321330.772710353, "row_index": 18.0, "col_index": 15.0}, "geometry": {"type": "MultiPolygon", "coordinates": [[[[313527.85260646814, 7322330.772710353], [314527.85260646814, 7322330.772710353], [314527.85260646814, 7321330.772710353], [313527.85260646814, 7321330.772710353], [313527.85260646814, 7322330.772710353]]]]}}, {"type": "Feature", "properties": {"id": 556.0, "left": 313527.85260646814, "top": 7325330.772710353, "right": 314527.85260646814, "bottom": 7324330.772710353, "row_index": 15.0, "col_index": 15.0}, "geometry": {"type": "MultiPolygon", "coordinates": [[[[313527.85260646814, 7325330.772710353], [314527.85260646814, 7325330.772710353], [314527.85260646814, 7324330.772710353], [313527.85260646814, 7324330.772710353], [313527.85260646814, 7325330.772710353]]]]}}, {"type": "Feature", "properties": {"id": 557.0, "left": 313527.85260646814, "top": 7324330.772710353, "right": 314527.85260646814, "bottom": 7323330.772710353, "row_index": 16.0, "col_index": 15.0}, "geometry": {"type": "MultiPolygon", "coordinates": [[[[313527.85260646814, 7324330.772710353], [314527.85260646814, 7324330.772710353], [314527.85260646814, 7323330.772710353], [313527.85260646814, 7323330.772710353], [313527.85260646814, 7324330.772710353]]]]}}, {"type": "Feature", "properties": {"id": 554.0, "left": 313527.85260646814, "top": 7327330.772710353, "right": 314527.85260646814, "bottom": 7326330.772710353, "row_index": 13.0, "col_index": 15.0}, "geometry": {"type": "MultiPolygon", "coordinates": [[[[313527.85260646814, 7327330.772710353], [314527.85260646814, 7327330.772710353], [314527.85260646814, 7326330.772710353], [313527.85260646814, 7326330.772710353], [313527.85260646814, 7327330.772710353]]]]}}, {"type": "Feature", "properties": {"id": 555.0, "left": 313527.85260646814, "top": 7326330.772710353, "right": 314527.85260646814, "bottom": 7325330.772710353, "row_index": 14.0, "col_index": 15.0}, "geometry": {"type": "MultiPolygon", "coordinates": [[[[313527.85260646814, 7326330.772710353], [314527.85260646814, 7326330.772710353], [314527.85260646814, 7325330.772710353], [313527.85260646814, 7325330.772710353], [313527.85260646814, 7326330.772710353]]]]}}, {"type": "Feature", "properties": {"id": 552.0, "left": 313527.85260646814, "top": 7329330.772710353, "right": 314527.85260646814, "bottom": 7328330.772710353, "row_index": 11.0, "col_index": 15.0}, "geometry": {"type": "MultiPolygon", "coordinates": [[[[313527.85260646814, 7329330.772710353], [314527.85260646814, 7329330.772710353], [314527.85260646814, 7328330.772710353], [313527.85260646814, 7328330.772710353], [313527.85260646814, 7329330.772710353]]]]}}, {"type": "Feature", "properties": {"id": 553.0, "left": 313527.85260646814, "top": 7328330.772710353, "right": 314527.85260646814, "bottom": 7327330.772710353, "row_index": 12.0, "col_index": 15.0}, "geometry": {"type": "MultiPolygon", "coordinates": [[[[313527.85260646814, 7328330.772710353], [314527.85260646814, 7328330.772710353], [314527.85260646814, 7327330.772710353], [313527.85260646814, 7327330.772710353], [313527.85260646814, 7328330.772710353]]]]}}, {"type": "Feature", "properties": {"id": 550.0, "left": 313527.85260646814, "top": 7331330.772710353, "right": 314527.85260646814, "bottom": 7330330.772710353, "row_index": 9.0, "col_index": 15.0}, "geometry": {"type": "MultiPolygon", "coordinates": [[[[313527.85260646814, 7331330.772710353], [314527.85260646814, 7331330.772710353], [314527.85260646814, 7330330.772710353], [313527.85260646814, 7330330.772710353], [313527.85260646814, 7331330.772710353]]]]}}, {"type": "Feature", "properties": {"id": 551.0, "left": 313527.85260646814, "top": 7330330.772710353, "right": 314527.85260646814, "bottom": 7329330.772710353, "row_index": 10.0, "col_index": 15.0}, "geometry": {"type": "MultiPolygon", "coordinates": [[[[313527.85260646814, 7330330.772710353], [314527.85260646814, 7330330.772710353], [314527.85260646814, 7329330.772710353], [313527.85260646814, 7329330.772710353], [313527.85260646814, 7330330.772710353]]]]}}, {"type": "Feature", "properties": {"id": 548.0, "left": 313527.85260646814, "top": 7333330.772710353, "right": 314527.85260646814, "bottom": 7332330.772710353, "row_index": 7.0, "col_index": 15.0}, "geometry": {"type": "MultiPolygon", "coordinates": [[[[313527.85260646814, 7333330.772710353], [314527.85260646814, 7333330.772710353], [314527.85260646814, 7332330.772710353], [313527.85260646814, 7332330.772710353], [313527.85260646814, 7333330.772710353]]]]}}, {"type": "Feature", "properties": {"id": 549.0, "left": 313527.85260646814, "top": 7332330.772710353, "right": 314527.85260646814, "bottom": 7331330.772710353, "row_index": 8.0, "col_index": 15.0}, "geometry": {"type": "MultiPolygon", "coordinates": [[[[313527.85260646814, 7332330.772710353], [314527.85260646814, 7332330.772710353], [314527.85260646814, 7331330.772710353], [313527.85260646814, 7331330.772710353], [313527.85260646814, 7332330.772710353]]]]}}, {"type": "Feature", "properties": {"id": 546.0, "left": 313527.85260646814, "top": 7335330.772710353, "right": 314527.85260646814, "bottom": 7334330.772710353, "row_index": 5.0, "col_index": 15.0}, "geometry": {"type": "MultiPolygon", "coordinates": [[[[313527.85260646814, 7335330.772710353], [314527.85260646814, 7335330.772710353], [314527.85260646814, 7334330.772710353], [313527.85260646814, 7334330.772710353], [313527.85260646814, 7335330.772710353]]]]}}, {"type": "Feature", "properties": {"id": 547.0, "left": 313527.85260646814, "top": 7334330.772710353, "right": 314527.85260646814, "bottom": 7333330.772710353, "row_index": 6.0, "col_index": 15.0}, "geometry": {"type": "MultiPolygon", "coordinates": [[[[313527.85260646814, 7334330.772710353], [314527.85260646814, 7334330.772710353], [314527.85260646814, 7333330.772710353], [313527.85260646814, 7333330.772710353], [313527.85260646814, 7334330.772710353]]]]}}, {"type": "Feature", "properties": {"id": 544.0, "left": 313527.85260646814, "top": 7337330.772710353, "right": 314527.85260646814, "bottom": 7336330.772710353, "row_index": 3.0, "col_index": 15.0}, "geometry": {"type": "MultiPolygon", "coordinates": [[[[313527.85260646814, 7337330.772710353], [314527.85260646814, 7337330.772710353], [314527.85260646814, 7336330.772710353], [313527.85260646814, 7336330.772710353], [313527.85260646814, 7337330.772710353]]]]}}, {"type": "Feature", "properties": {"id": 545.0, "left": 313527.85260646814, "top": 7336330.772710353, "right": 314527.85260646814, "bottom": 7335330.772710353, "row_index": 4.0, "col_index": 15.0}, "geometry": {"type": "MultiPolygon", "coordinates": [[[[313527.85260646814, 7336330.772710353], [314527.85260646814, 7336330.772710353], [314527.85260646814, 7335330.772710353], [313527.85260646814, 7335330.772710353], [313527.85260646814, 7336330.772710353]]]]}}, {"type": "Feature", "properties": {"id": 734.0, "left": 318527.85260646814, "top": 7327330.772710353, "right": 319527.85260646814, "bottom": 7326330.772710353, "row_index": 13.0, "col_index": 20.0}, "geometry": {"type": "MultiPolygon", "coordinates": [[[[318527.85260646814, 7327330.772710353], [319527.85260646814, 7327330.772710353], [319527.85260646814, 7326330.772710353], [318527.85260646814, 7326330.772710353], [318527.85260646814, 7327330.772710353]]]]}}, {"type": "Feature", "properties": {"id": 735.0, "left": 318527.85260646814, "top": 7326330.772710353, "right": 319527.85260646814, "bottom": 7325330.772710353, "row_index": 14.0, "col_index": 20.0}, "geometry": {"type": "MultiPolygon", "coordinates": [[[[318527.85260646814, 7326330.772710353], [319527.85260646814, 7326330.772710353], [319527.85260646814, 7325330.772710353], [318527.85260646814, 7325330.772710353], [318527.85260646814, 7326330.772710353]]]]}}, {"type": "Feature", "properties": {"id": 732.0, "left": 318527.85260646814, "top": 7329330.772710353, "right": 319527.85260646814, "bottom": 7328330.772710353, "row_index": 11.0, "col_index": 20.0}, "geometry": {"type": "MultiPolygon", "coordinates": [[[[318527.85260646814, 7329330.772710353], [319527.85260646814, 7329330.772710353], [319527.85260646814, 7328330.772710353], [318527.85260646814, 7328330.772710353], [318527.85260646814, 7329330.772710353]]]]}}, {"type": "Feature", "properties": {"id": 733.0, "left": 318527.85260646814, "top": 7328330.772710353, "right": 319527.85260646814, "bottom": 7327330.772710353, "row_index": 12.0, "col_index": 20.0}, "geometry": {"type": "MultiPolygon", "coordinates": [[[[318527.85260646814, 7328330.772710353], [319527.85260646814, 7328330.772710353], [319527.85260646814, 7327330.772710353], [318527.85260646814, 7327330.772710353], [318527.85260646814, 7328330.772710353]]]]}}, {"type": "Feature", "properties": {"id": 730.0, "left": 318527.85260646814, "top": 7331330.772710353, "right": 319527.85260646814, "bottom": 7330330.772710353, "row_index": 9.0, "col_index": 20.0}, "geometry": {"type": "MultiPolygon", "coordinates": [[[[318527.85260646814, 7331330.772710353], [319527.85260646814, 7331330.772710353], [319527.85260646814, 7330330.772710353], [318527.85260646814, 7330330.772710353], [318527.85260646814, 7331330.772710353]]]]}}, {"type": "Feature", "properties": {"id": 731.0, "left": 318527.85260646814, "top": 7330330.772710353, "right": 319527.85260646814, "bottom": 7329330.772710353, "row_index": 10.0, "col_index": 20.0}, "geometry": {"type": "MultiPolygon", "coordinates": [[[[318527.85260646814, 7330330.772710353], [319527.85260646814, 7330330.772710353], [319527.85260646814, 7329330.772710353], [318527.85260646814, 7329330.772710353], [318527.85260646814, 7330330.772710353]]]]}}, {"type": "Feature", "properties": {"id": 728.0, "left": 318527.85260646814, "top": 7333330.772710353, "right": 319527.85260646814, "bottom": 7332330.772710353, "row_index": 7.0, "col_index": 20.0}, "geometry": {"type": "MultiPolygon", "coordinates": [[[[318527.85260646814, 7333330.772710353], [319527.85260646814, 7333330.772710353], [319527.85260646814, 7332330.772710353], [318527.85260646814, 7332330.772710353], [318527.85260646814, 7333330.772710353]]]]}}, {"type": "Feature", "properties": {"id": 729.0, "left": 318527.85260646814, "top": 7332330.772710353, "right": 319527.85260646814, "bottom": 7331330.772710353, "row_index": 8.0, "col_index": 20.0}, "geometry": {"type": "MultiPolygon", "coordinates": [[[[318527.85260646814, 7332330.772710353], [319527.85260646814, 7332330.772710353], [319527.85260646814, 7331330.772710353], [318527.85260646814, 7331330.772710353], [318527.85260646814, 7332330.772710353]]]]}}, {"type": "Feature", "properties": {"id": 726.0, "left": 318527.85260646814, "top": 7335330.772710353, "right": 319527.85260646814, "bottom": 7334330.772710353, "row_index": 5.0, "col_index": 20.0}, "geometry": {"type": "MultiPolygon", "coordinates": [[[[318527.85260646814, 7335330.772710353], [319527.85260646814, 7335330.772710353], [319527.85260646814, 7334330.772710353], [318527.85260646814, 7334330.772710353], [318527.85260646814, 7335330.772710353]]]]}}, {"type": "Feature", "properties": {"id": 727.0, "left": 318527.85260646814, "top": 7334330.772710353, "right": 319527.85260646814, "bottom": 7333330.772710353, "row_index": 6.0, "col_index": 20.0}, "geometry": {"type": "MultiPolygon", "coordinates": [[[[318527.85260646814, 7334330.772710353], [319527.85260646814, 7334330.772710353], [319527.85260646814, 7333330.772710353], [318527.85260646814, 7333330.772710353], [318527.85260646814, 7334330.772710353]]]]}}, {"type": "Feature", "properties": {"id": 724.0, "left": 318527.85260646814, "top": 7337330.772710353, "right": 319527.85260646814, "bottom": 7336330.772710353, "row_index": 3.0, "col_index": 20.0}, "geometry": {"type": "MultiPolygon", "coordinates": [[[[318527.85260646814, 7337330.772710353], [319527.85260646814, 7337330.772710353], [319527.85260646814, 7336330.772710353], [318527.85260646814, 7336330.772710353], [318527.85260646814, 7337330.772710353]]]]}}, {"type": "Feature", "properties": {"id": 725.0, "left": 318527.85260646814, "top": 7336330.772710353, "right": 319527.85260646814, "bottom": 7335330.772710353, "row_index": 4.0, "col_index": 20.0}, "geometry": {"type": "MultiPolygon", "coordinates": [[[[318527.85260646814, 7336330.772710353], [319527.85260646814, 7336330.772710353], [319527.85260646814, 7335330.772710353], [318527.85260646814, 7335330.772710353], [318527.85260646814, 7336330.772710353]]]]}}, {"type": "Feature", "properties": {"id": 723.0, "left": 318527.85260646814, "top": 7338330.772710353, "right": 319527.85260646814, "bottom": 7337330.772710353, "row_index": 2.0, "col_index": 20.0}, "geometry": {"type": "MultiPolygon", "coordinates": [[[[318527.85260646814, 7338330.772710353], [319527.85260646814, 7338330.772710353], [319527.85260646814, 7337330.772710353], [318527.85260646814, 7337330.772710353], [318527.85260646814, 7338330.772710353]]]]}}, {"type": "Feature", "properties": {"id": 716.0, "left": 317527.85260646814, "top": 7309330.772710353, "right": 318527.85260646814, "bottom": 7308330.772710353, "row_index": 31.0, "col_index": 19.0}, "geometry": {"type": "MultiPolygon", "coordinates": [[[[317527.85260646814, 7309330.772710353], [318527.85260646814, 7309330.772710353], [318527.85260646814, 7308330.772710353], [317527.85260646814, 7308330.772710353], [317527.85260646814, 7309330.772710353]]]]}}, {"type": "Feature", "properties": {"id": 714.0, "left": 317527.85260646814, "top": 7311330.772710353, "right": 318527.85260646814, "bottom": 7310330.772710353, "row_index": 29.0, "col_index": 19.0}, "geometry": {"type": "MultiPolygon", "coordinates": [[[[317527.85260646814, 7311330.772710353], [318527.85260646814, 7311330.772710353], [318527.85260646814, 7310330.772710353], [317527.85260646814, 7310330.772710353], [317527.85260646814, 7311330.772710353]]]]}}, {"type": "Feature", "properties": {"id": 715.0, "left": 317527.85260646814, "top": 7310330.772710353, "right": 318527.85260646814, "bottom": 7309330.772710353, "row_index": 30.0, "col_index": 19.0}, "geometry": {"type": "MultiPolygon", "coordinates": [[[[317527.85260646814, 7310330.772710353], [318527.85260646814, 7310330.772710353], [318527.85260646814, 7309330.772710353], [317527.85260646814, 7309330.772710353], [317527.85260646814, 7310330.772710353]]]]}}, {"type": "Feature", "properties": {"id": 712.0, "left": 317527.85260646814, "top": 7313330.772710353, "right": 318527.85260646814, "bottom": 7312330.772710353, "row_index": 27.0, "col_index": 19.0}, "geometry": {"type": "MultiPolygon", "coordinates": [[[[317527.85260646814, 7313330.772710353], [318527.85260646814, 7313330.772710353], [318527.85260646814, 7312330.772710353], [317527.85260646814, 7312330.772710353], [317527.85260646814, 7313330.772710353]]]]}}, {"type": "Feature", "properties": {"id": 713.0, "left": 317527.85260646814, "top": 7312330.772710353, "right": 318527.85260646814, "bottom": 7311330.772710353, "row_index": 28.0, "col_index": 19.0}, "geometry": {"type": "MultiPolygon", "coordinates": [[[[317527.85260646814, 7312330.772710353], [318527.85260646814, 7312330.772710353], [318527.85260646814, 7311330.772710353], [317527.85260646814, 7311330.772710353], [317527.85260646814, 7312330.772710353]]]]}}]}